{
  "ActualPlayers": [
    {
      "Uuid": null,
      "NickName": "TestPlayer",
      "Color": 4,
      "IsSpectator": false,
      "SquaresCount": 5,
      "LinesCount": 1,
      "PotentialBingos": "Col 1\r\nCol 2\r\nCol 3\r\nCol 4\r\nCol 5\r\nRow 3\r\nTL-RB\r\nBL-RT",
      "IsAvailable": false
    }
  ],
  "Spectators": "",
  "HasSpectators": false,
  "PlayersNames": "TestPlayer",
  "TimeString": "00:00:00",
  "CsrfMiddlewareToken": null,
  "BoardJSON": "",
  "ChosenColor": 4,
  "SocketTempId": null,
  "RoomName": "Practice",
  "RoomId": null,
  "RoomSeed": null,
  "Board": {
    "Squares": [
      {
        "IsScoreVisible": false,
        "IsGoalVisible": false,
        "HasOnlyOneColor": false,
        "IsMarked": false,
        "Slot": null,
        "SquareColors": [
          10
        ],
        "Name": "10 Воспоминаний",
        "Row": 0,
        "Column": 0,
        "IsGoal": false,
        "Score": 0,
        "IsMarking": false,
        "IsPotentialBingo": true,
        "Notes": null,
        "IsBingoAnimate": false
      },
      {
        "IsScoreVisible": false,
        "IsGoalVisible": false,
        "HasOnlyOneColor": false,
        "IsMarked": false,
        "Slot": null,
        "SquareColors": [
          10
        ],
        "Name": "Убить Филина не попав под его анти-хилл атаку",
        "Row": 0,
        "Column": 1,
        "IsGoal": false,
        "Score": 0,
        "IsMarking": false,
        "IsPotentialBingo": true,
        "Notes": null,
        "IsBingoAnimate": false
      },
      {
        "IsScoreVisible": false,
        "IsGoalVisible": false,
        "HasOnlyOneColor": false,
        "IsMarked": false,
        "Slot": null,
        "SquareColors": [
          10
        ],
        "Name": "Убить великого карпа",
        "Row": 0,
        "Column": 2,
        "IsGoal": false,
        "Score": 0,
        "IsMarking": false,
        "IsPotentialBingo": true,
        "Notes": null,
        "IsBingoAnimate": false
      },
      {
        "IsScoreVisible": false,
        "IsGoalVisible": false,
        "HasOnlyOneColor": false,
        "IsMarked": false,
        "Slot": null,
        "SquareColors": [
          10
        ],
        "Name": "20 скилл поинтов на счетчике",
        "Row": 0,
        "Column": 3,
        "IsGoal": false,
        "Score": 0,
        "IsMarking": false,
        "IsPotentialBingo": true,
        "Notes": null,
        "IsBingoAnimate": false
      },
      {
        "IsScoreVisible": false,
        "IsGoalVisible": false,
        "HasOnlyOneColor": false,
        "IsMarked": false,
        "Slot": null,
        "SquareColors": [
          10
        ],
        "Name": "Продать предметов на 4 500 сэн за раз ",
        "Row": 0,
        "Column": 4,
        "IsGoal": false,
        "Score": 0,
        "IsMarking": false,
        "IsPotentialBingo": true,
        "Notes": null,
        "IsBingoAnimate": false
      },
      {
        "IsScoreVisible": false,
        "IsGoalVisible": false,
        "HasOnlyOneColor": false,
        "IsMarked": false,
        "Slot": null,
        "SquareColors": [
          10
        ],
        "Name": "Убить Яростного Быка без урона",
        "Row": 1,
        "Column": 0,
        "IsGoal": false,
        "Score": 0,
        "IsMarking": false,
        "IsPotentialBingo": true,
        "Notes": null,
        "IsBingoAnimate": false
      },
      {
        "IsScoreVisible": false,
        "IsGoalVisible": false,
        "HasOnlyOneColor": false,
        "IsMarked": false,
        "Slot": null,
        "SquareColors": [
          10
        ],
        "Name": "Убить 3 ситимэнов",
        "Row": 1,
        "Column": 1,
        "IsGoal": false,
        "Score": 0,
        "IsMarking": false,
        "IsPotentialBingo": true,
        "Notes": null,
        "IsBingoAnimate": false
      },
      {
        "IsScoreVisible": false,
        "IsGoalVisible": false,
        "HasOnlyOneColor": false,
        "IsMarked": false,
        "Slot": null,
        "SquareColors": [
          10
        ],
        "Name": "Убить 1 копьеносца Ассина",
        "Row": 1,
        "Column": 2,
        "IsGoal": false,
        "Score": 0,
        "IsMarking": false,
        "IsPotentialBingo": true,
        "Notes": null,
        "IsBingoAnimate": false
      },
      {
        "IsScoreVisible": false,
        "IsGoalVisible": false,
        "HasOnlyOneColor": false,
        "IsMarked": false,
        "Slot": null,
        "SquareColors": [
          10
        ],
        "Name": "⁠Получить долговую расписку у Анаямы ",
        "Row": 1,
        "Column": 3,
        "IsGoal": false,
        "Score": 0,
        "IsMarking": false,
        "IsPotentialBingo": true,
        "Notes": null,
        "IsBingoAnimate": false
      },
      {
        "IsScoreVisible": false,
        "IsGoalVisible": false,
        "HasOnlyOneColor": false,
        "IsMarked": false,
        "Slot": null,
        "SquareColors": [
          10
        ],
        "Name": "Убить Истинную Монахиню",
        "Row": 1,
        "Column": 4,
        "IsGoal": false,
        "Score": 0,
        "IsMarking": false,
        "IsPotentialBingo": true,
        "Notes": null,
        "IsBingoAnimate": false
      },
      {
        "IsScoreVisible": false,
        "IsGoalVisible": false,
        "HasOnlyOneColor": true,
        "IsMarked": true,
        "Slot": null,
        "SquareColors": [
          4
        ],
        "Name": "Победить Генетиро (Туториал)",
        "Row": 2,
        "Column": 0,
        "IsGoal": false,
        "Score": 0,
        "IsMarking": false,
        "IsPotentialBingo": true,
        "Notes": null,
        "IsBingoAnimate": false
      },
      {
        "IsScoreVisible": false,
        "IsGoalVisible": false,
        "HasOnlyOneColor": true,
        "IsMarked": true,
        "Slot": null,
        "SquareColors": [
          4
        ],
        "Name": "⁠Навыки «Дыхание жизни» максимального уровня (Свет, Тень)",
        "Row": 2,
        "Column": 1,
        "IsGoal": false,
        "Score": 0,
        "IsMarking": false,
        "IsPotentialBingo": true,
        "Notes": null,
        "IsBingoAnimate": false
      },
      {
        "IsScoreVisible": false,
        "IsGoalVisible": false,
        "HasOnlyOneColor": true,
        "IsMarked": true,
        "Slot": null,
        "SquareColors": [
          4
        ],
        "Name": "Убить 2 безголовых",
        "Row": 2,
        "Column": 2,
        "IsGoal": false,
        "Score": 0,
        "IsMarking": false,
        "IsPotentialBingo": true,
        "Notes": null,
        "IsBingoAnimate": false
      },
      {
        "IsScoreVisible": false,
        "IsGoalVisible": false,
        "HasOnlyOneColor": true,
        "IsMarked": true,
        "Slot": null,
        "SquareColors": [
          4
        ],
        "Name": "Получить учение стиля протеза",
        "Row": 2,
        "Column": 3,
        "IsGoal": false,
        "Score": 0,
        "IsMarking": false,
        "IsPotentialBingo": true,
        "Notes": null,
        "IsBingoAnimate": false
      },
      {
        "IsScoreVisible": false,
        "IsGoalVisible": false,
        "HasOnlyOneColor": true,
        "IsMarked": true,
        "Slot": null,
        "SquareColors": [
          4
        ],
        "Name": "Использовать 3 воскрешения за одну битву ",
        "Row": 2,
        "Column": 4,
        "IsGoal": false,
        "Score": 0,
        "IsMarking": false,
        "IsPotentialBingo": true,
        "Notes": null,
        "IsBingoAnimate": false
      },
      {
        "IsScoreVisible": false,
        "IsGoalVisible": false,
        "HasOnlyOneColor": false,
        "IsMarked": false,
        "Slot": null,
        "SquareColors": [
          10
        ],
        "Name": "5 чешуек карпа",
        "Row": 3,
        "Column": 0,
        "IsGoal": false,
        "Score": 0,
        "IsMarking": false,
        "IsPotentialBingo": true,
        "Notes": null,
        "IsBingoAnimate": false
      },
      {
        "IsScoreVisible": false,
        "IsGoalVisible": false,
        "HasOnlyOneColor": false,
        "IsMarked": false,
        "Slot": null,
        "SquareColors": [
          10
        ],
        "Name": "Пнуть любого босса 10 раз ",
        "Row": 3,
        "Column": 1,
        "IsGoal": false,
        "Score": 0,
        "IsMarking": false,
        "IsPotentialBingo": true,
        "Notes": null,
        "IsBingoAnimate": false
      },
      {
        "IsScoreVisible": false,
        "IsGoalVisible": false,
        "HasOnlyOneColor": false,
        "IsMarked": false,
        "Slot": null,
        "SquareColors": [
          10
        ],
        "Name": "⁠Убить 20 собак",
        "Row": 3,
        "Column": 2,
        "IsGoal": false,
        "Score": 0,
        "IsMarking": false,
        "IsPotentialBingo": true,
        "Notes": null,
        "IsBingoAnimate": false
      },
      {
        "IsScoreVisible": false,
        "IsGoalVisible": false,
        "HasOnlyOneColor": false,
        "IsMarked": false,
        "Slot": null,
        "SquareColors": [
          10
        ],
        "Name": "Убить великого карпа",
        "Row": 3,
        "Column": 3,
        "IsGoal": false,
        "Score": 0,
        "IsMarking": false,
        "IsPotentialBingo": true,
        "Notes": null,
        "IsBingoAnimate": false
      },
      {
        "IsScoreVisible": false,
        "IsGoalVisible": false,
        "HasOnlyOneColor": false,
        "IsMarked": false,
        "Slot": null,
        "SquareColors": [
          10
        ],
        "Name": "Достигнуть 20 эмблем духа ",
        "Row": 3,
        "Column": 4,
        "IsGoal": false,
        "Score": 0,
        "IsMarking": false,
        "IsPotentialBingo": true,
        "Notes": null,
        "IsBingoAnimate": false
      },
      {
        "IsScoreVisible": false,
        "IsGoalVisible": false,
        "HasOnlyOneColor": false,
        "IsMarked": false,
        "Slot": null,
        "SquareColors": [
          10
        ],
        "Name": "Отпарировать 6 захватов змеиного глаза",
        "Row": 4,
        "Column": 0,
        "IsGoal": false,
        "Score": 0,
        "IsMarking": false,
        "IsPotentialBingo": true,
        "Notes": null,
        "IsBingoAnimate": false
      },
      {
        "IsScoreVisible": false,
        "IsGoalVisible": false,
        "HasOnlyOneColor": false,
        "IsMarked": false,
        "Slot": null,
        "SquareColors": [
          10
        ],
        "Name": "Активировать 20 идолов",
        "Row": 4,
        "Column": 1,
        "IsGoal": false,
        "Score": 0,
        "IsMarking": false,
        "IsPotentialBingo": true,
        "Notes": null,
        "IsBingoAnimate": false
      },
      {
        "IsScoreVisible": false,
        "IsGoalVisible": false,
        "HasOnlyOneColor": false,
        "IsMarked": false,
        "Slot": null,
        "SquareColors": [
          10
        ],
        "Name": "Подчинить техникой кукловода 10 мобов",
        "Row": 4,
        "Column": 2,
        "IsGoal": false,
        "Score": 0,
        "IsMarking": false,
        "IsPotentialBingo": true,
        "Notes": null,
        "IsBingoAnimate": false
      },
      {
        "IsScoreVisible": false,
        "IsGoalVisible": false,
        "HasOnlyOneColor": false,
        "IsMarked": false,
        "Slot": null,
        "SquareColors": [
          10
        ],
        "Name": "Получить протез зонта",
        "Row": 4,
        "Column": 3,
        "IsGoal": false,
        "Score": 0,
        "IsMarking": false,
        "IsPotentialBingo": true,
        "Notes": null,
        "IsBingoAnimate": false
      },
      {
        "IsScoreVisible": false,
        "IsGoalVisible": false,
        "HasOnlyOneColor": false,
        "IsMarked": false,
        "Slot": null,
        "SquareColors": [
          10
        ],
        "Name": "Получить 2 Сакэ",
        "Row": 4,
        "Column": 4,
        "IsGoal": false,
        "Score": 0,
        "IsMarking": false,
        "IsPotentialBingo": true,
        "Notes": null,
        "IsBingoAnimate": false
      }
    ]
  },
  "StartDate": "2025-01-05T20:38:11.7566848+05:00",
  "EndDate": "2025-01-05T20:38:31.3663424+05:00",
  "IsGameStarted": false,
  "IsGameEnded": true,
  "CurrentTimerTime": 0,
  "IsAutoBoardReveal": false,
  "IsCreatorMode": true,
  "IsConnectedToServer": false,
  "GameMode": 0,
  "RoomSettings": {
    "HideCard": true,
    "Variant": null,
    "LockoutMode": null,
    "Seed": 0,
    "Game": "Practice",
    "GameId": 0,
    "VariantId": 0
  },
  "CurrentPlayer": {
    "Uuid": null,
    "NickName": "TestPlayer",
    "Color": 4,
    "IsSpectator": false,
    "SquaresCount": 5,
    "LinesCount": 1,
    "PotentialBingos": "Col 1\r\nCol 2\r\nCol 3\r\nCol 4\r\nCol 5\r\nRow 3\r\nTL-RB\r\nBL-RT",
    "IsAvailable": false
  },
  "ChatMessages": [
    {
      "EventType": 0,
      "Type": 2,
      "Timestamp": "2025-01-05T20:38:12.6436207+05:00",
      "Message": null,
      "Player": {
        "Uuid": null,
        "NickName": "TestPlayer",
        "Color": 4,
        "IsSpectator": false,
        "SquaresCount": 5,
        "LinesCount": 1,
        "PotentialBingos": "Col 1\r\nCol 2\r\nCol 3\r\nCol 4\r\nCol 5\r\nRow 3\r\nTL-RB\r\nBL-RT",
        "IsAvailable": false
      },
      "Square": null,
      "Color": 0,
      "PlayerColor": 0,
      "Remove": false,
      "ColorName": "orange",
      "PlayerColorName": "orange",
      "ChangeColorName": "",
      "IsItalic": false,
      "MessageHeader": "Board revealed",
      "MessageText": "Player TestPlayer revealed the board"
    },
    {
      "EventType": 0,
      "Type": 3,
      "Timestamp": "2025-01-05T20:38:14.904151+05:00",
      "Message": null,
      "Player": {
        "Uuid": null,
        "NickName": "TestPlayer",
        "Color": 4,
        "IsSpectator": false,
        "SquaresCount": 5,
        "LinesCount": 1,
        "PotentialBingos": "Col 1\r\nCol 2\r\nCol 3\r\nCol 4\r\nCol 5\r\nRow 3\r\nTL-RB\r\nBL-RT",
        "IsAvailable": false
      },
      "Square": {
        "IsScoreVisible": false,
        "IsGoalVisible": false,
        "HasOnlyOneColor": true,
        "IsMarked": true,
        "Slot": null,
        "SquareColors": [
          4
        ],
        "Name": "Победить Генетиро (Туториал)",
        "Row": 2,
        "Column": 0,
        "IsGoal": false,
        "Score": 0,
        "IsMarking": false,
        "IsPotentialBingo": true,
        "Notes": null,
        "IsBingoAnimate": false
      },
      "Color": 0,
      "PlayerColor": 4,
      "Remove": false,
      "ColorName": "orange",
      "PlayerColorName": "purple",
      "ChangeColorName": "",
      "IsItalic": false,
      "MessageHeader": "TestPlayer",
      "MessageText": "marked"
    },
    {
      "EventType": 0,
      "Type": 3,
      "Timestamp": "2025-01-05T20:38:15.7396945+05:00",
      "Message": null,
      "Player": {
        "Uuid": null,
        "NickName": "TestPlayer",
        "Color": 4,
        "IsSpectator": false,
        "SquaresCount": 5,
        "LinesCount": 1,
        "PotentialBingos": "Col 1\r\nCol 2\r\nCol 3\r\nCol 4\r\nCol 5\r\nRow 3\r\nTL-RB\r\nBL-RT",
        "IsAvailable": false
      },
      "Square": {
        "IsScoreVisible": false,
        "IsGoalVisible": false,
        "HasOnlyOneColor": true,
        "IsMarked": true,
        "Slot": null,
        "SquareColors": [
          4
        ],
        "Name": "⁠Навыки «Дыхание жизни» максимального уровня (Свет, Тень)",
        "Row": 2,
        "Column": 1,
        "IsGoal": false,
        "Score": 0,
        "IsMarking": false,
        "IsPotentialBingo": true,
        "Notes": null,
        "IsBingoAnimate": false
      },
      "Color": 0,
      "PlayerColor": 4,
      "Remove": false,
      "ColorName": "orange",
      "PlayerColorName": "purple",
      "ChangeColorName": "",
      "IsItalic": false,
      "MessageHeader": "TestPlayer",
      "MessageText": "marked"
    },
    {
      "EventType": 0,
      "Type": 3,
      "Timestamp": "2025-01-05T20:38:17.0302944+05:00",
      "Message": null,
      "Player": {
        "Uuid": null,
        "NickName": "TestPlayer",
        "Color": 4,
        "IsSpectator": false,
        "SquaresCount": 5,
        "LinesCount": 1,
        "PotentialBingos": "Col 1\r\nCol 2\r\nCol 3\r\nCol 4\r\nCol 5\r\nRow 3\r\nTL-RB\r\nBL-RT",
        "IsAvailable": false
      },
      "Square": {
        "IsScoreVisible": false,
        "IsGoalVisible": false,
        "HasOnlyOneColor": true,
        "IsMarked": true,
        "Slot": null,
        "SquareColors": [
          4
        ],
        "Name": "Убить 2 безголовых",
        "Row": 2,
        "Column": 2,
        "IsGoal": false,
        "Score": 0,
        "IsMarking": false,
        "IsPotentialBingo": true,
        "Notes": null,
        "IsBingoAnimate": false
      },
      "Color": 0,
      "PlayerColor": 4,
      "Remove": false,
      "ColorName": "orange",
      "PlayerColorName": "purple",
      "ChangeColorName": "",
      "IsItalic": false,
      "MessageHeader": "TestPlayer",
      "MessageText": "marked"
    },
    {
      "EventType": 0,
      "Type": 3,
      "Timestamp": "2025-01-05T20:38:18.1154765+05:00",
      "Message": null,
      "Player": {
        "Uuid": null,
        "NickName": "TestPlayer",
        "Color": 4,
        "IsSpectator": false,
        "SquaresCount": 5,
        "LinesCount": 1,
        "PotentialBingos": "Col 1\r\nCol 2\r\nCol 3\r\nCol 4\r\nCol 5\r\nRow 3\r\nTL-RB\r\nBL-RT",
        "IsAvailable": false
      },
      "Square": {
        "IsScoreVisible": false,
        "IsGoalVisible": false,
        "HasOnlyOneColor": true,
        "IsMarked": true,
        "Slot": null,
        "SquareColors": [
          4
        ],
        "Name": "Получить учение стиля протеза",
        "Row": 2,
        "Column": 3,
        "IsGoal": false,
        "Score": 0,
        "IsMarking": false,
        "IsPotentialBingo": true,
        "Notes": null,
        "IsBingoAnimate": false
      },
      "Color": 0,
      "PlayerColor": 4,
      "Remove": false,
      "ColorName": "orange",
      "PlayerColorName": "purple",
      "ChangeColorName": "",
      "IsItalic": false,
      "MessageHeader": "TestPlayer",
      "MessageText": "marked"
    },
    {
      "EventType": 0,
      "Type": 3,
      "Timestamp": "2025-01-05T20:38:21.5068219+05:00",
      "Message": null,
      "Player": {
        "Uuid": null,
        "NickName": "TestPlayer",
        "Color": 4,
        "IsSpectator": false,
        "SquaresCount": 5,
        "LinesCount": 1,
        "PotentialBingos": "Col 1\r\nCol 2\r\nCol 3\r\nCol 4\r\nCol 5\r\nRow 3\r\nTL-RB\r\nBL-RT",
        "IsAvailable": false
      },
      "Square": {
        "IsScoreVisible": false,
        "IsGoalVisible": false,
        "HasOnlyOneColor": true,
        "IsMarked": true,
        "Slot": null,
        "SquareColors": [
          4
        ],
        "Name": "Использовать 3 воскрешения за одну битву ",
        "Row": 2,
        "Column": 4,
        "IsGoal": false,
        "Score": 0,
        "IsMarking": false,
        "IsPotentialBingo": true,
        "Notes": null,
        "IsBingoAnimate": false
      },
      "Color": 0,
      "PlayerColor": 4,
      "Remove": false,
      "ColorName": "orange",
      "PlayerColorName": "purple",
      "ChangeColorName": "",
      "IsItalic": false,
      "MessageHeader": "TestPlayer",
      "MessageText": "marked"
    },
    {
      "EventType": 0,
      "Type": 7,
      "Timestamp": "2025-01-05T20:38:21.514506+05:00",
      "Message": null,
      "Player": {
        "Uuid": null,
        "NickName": "TestPlayer",
        "Color": 4,
        "IsSpectator": false,
        "SquaresCount": 5,
        "LinesCount": 1,
        "PotentialBingos": "Col 1\r\nCol 2\r\nCol 3\r\nCol 4\r\nCol 5\r\nRow 3\r\nTL-RB\r\nBL-RT",
        "IsAvailable": false
      },
      "Square": null,
      "Color": 0,
      "PlayerColor": 0,
      "Remove": false,
      "ColorName": "orange",
      "PlayerColorName": "orange",
      "ChangeColorName": "",
      "IsItalic": false,
      "MessageHeader": "Bingo!",
      "MessageText": "Player TestPlayer got Bingo!"
    }
  ],
  "Players": [
    {
      "Uuid": null,
      "NickName": "TestPlayer",
      "Color": 4,
      "IsSpectator": false,
      "SquaresCount": 5,
      "LinesCount": 1,
      "PotentialBingos": "Col 1\r\nCol 2\r\nCol 3\r\nCol 4\r\nCol 5\r\nRow 3\r\nTL-RB\r\nBL-RT",
      "IsAvailable": false
    }
  ],
  "IsRevealed": true,
  "PlayerCredentials": null,
  "IsPractice": true
}