{
  "ActualPlayers": [
    {
      "Uuid": "tcXlCcB0T_KMCVzi106fGQ",
      "NickName": "TestPlayer",
      "Color": 4,
      "IsSpectator": false,
      "SquaresCount": 3,
      "LinesCount": 0,
      "PotentialBingos": "Col 4\r\nCol 5\r\nRow 2\r\nRow 3\r\nBL-RT",
      "IsAvailable": false
    }
  ],
  "Spectators": "",
  "HasSpectators": false,
  "PlayersNames": "TestPlayer",
  "TimeString": "00:00:00",
  "CsrfMiddlewareToken": "GQdS0wJuvh76g2XwzZjC0kBHi9H9701WIcQ6gF8FH6trG1PBuVw39SHTIXqKXM38",
  "BoardJSON": "",
  "ChosenColor": 4,
  "SocketTempId": "jnqEqN7IQVmeKZRQ0BjX-g",
  "RoomName": "TestPlayer's Board",
  "RoomId": "Ea1FoFzEQe-svtXWb44JSA",
  "RoomSeed": null,
  "Board": {
    "Squares": [
      {
        "IsScoreVisible": false,
        "IsGoalVisible": false,
        "HasOnlyOneColor": false,
        "IsMarked": false,
        "Slot": "slot1",
        "SquareColors": [
          10
        ],
        "Name": "Получить клинок бессмертных",
        "Row": 0,
        "Column": 0,
        "IsGoal": false,
        "Score": 0,
        "IsMarking": false,
        "IsPotentialBingo": false,
        "Notes": null,
        "IsBingoAnimate": false
      },
      {
        "IsScoreVisible": false,
        "IsGoalVisible": false,
        "HasOnlyOneColor": false,
        "IsMarked": false,
        "Slot": "slot2",
        "SquareColors": [
          10
        ],
        "Name": "Получить сушенные внутренности змеи",
        "Row": 0,
        "Column": 1,
        "IsGoal": false,
        "Score": 0,
        "IsMarking": false,
        "IsPotentialBingo": false,
        "Notes": null,
        "IsBingoAnimate": false
      },
      {
        "IsScoreVisible": false,
        "IsGoalVisible": false,
        "HasOnlyOneColor": false,
        "IsMarked": false,
        "Slot": "slot3",
        "SquareColors": [
          10
        ],
        "Name": "Получить учение стиля протеза",
        "Row": 0,
        "Column": 2,
        "IsGoal": false,
        "Score": 0,
        "IsMarking": false,
        "IsPotentialBingo": false,
        "Notes": null,
        "IsBingoAnimate": false
      },
      {
        "IsScoreVisible": false,
        "IsGoalVisible": false,
        "HasOnlyOneColor": false,
        "IsMarked": false,
        "Slot": "slot4",
        "SquareColors": [
          10
        ],
        "Name": "Cобрать 3 Статуэтки Дзидзо",
        "Row": 0,
        "Column": 3,
        "IsGoal": false,
        "Score": 0,
        "IsMarking": false,
        "IsPotentialBingo": true,
        "Notes": null,
        "IsBingoAnimate": false
      },
      {
        "IsScoreVisible": false,
        "IsGoalVisible": false,
        "HasOnlyOneColor": false,
        "IsMarked": false,
        "Slot": "slot5",
        "SquareColors": [
          10
        ],
        "Name": "Получить 7 протезов",
        "Row": 0,
        "Column": 4,
        "IsGoal": false,
        "Score": 0,
        "IsMarking": false,
        "IsPotentialBingo": true,
        "Notes": null,
        "IsBingoAnimate": false
      },
      {
        "IsScoreVisible": false,
        "IsGoalVisible": false,
        "HasOnlyOneColor": false,
        "IsMarked": false,
        "Slot": "slot6",
        "SquareColors": [
          10
        ],
        "Name": "Получить встроенный топор",
        "Row": 1,
        "Column": 0,
        "IsGoal": false,
        "Score": 0,
        "IsMarking": false,
        "IsPotentialBingo": true,
        "Notes": null,
        "IsBingoAnimate": false
      },
      {
        "IsScoreVisible": false,
        "IsGoalVisible": false,
        "HasOnlyOneColor": false,
        "IsMarked": false,
        "Slot": "slot7",
        "SquareColors": [
          10
        ],
        "Name": "Получить стиль Мусина",
        "Row": 1,
        "Column": 1,
        "IsGoal": false,
        "Score": 0,
        "IsMarking": false,
        "IsPotentialBingo": true,
        "Notes": null,
        "IsBingoAnimate": false
      },
      {
        "IsScoreVisible": false,
        "IsGoalVisible": false,
        "HasOnlyOneColor": false,
        "IsMarked": false,
        "Slot": "slot8",
        "SquareColors": [
          10
        ],
        "Name": "Использовать крюк не касаясь земли 10 раз",
        "Row": 1,
        "Column": 2,
        "IsGoal": false,
        "Score": 0,
        "IsMarking": false,
        "IsPotentialBingo": true,
        "Notes": null,
        "IsBingoAnimate": false
      },
      {
        "IsScoreVisible": false,
        "IsGoalVisible": false,
        "HasOnlyOneColor": true,
        "IsMarked": true,
        "Slot": "slot9",
        "SquareColors": [
          4
        ],
        "Name": "Получить 8 чешуек карпа",
        "Row": 1,
        "Column": 3,
        "IsGoal": false,
        "Score": 0,
        "IsMarking": false,
        "IsPotentialBingo": true,
        "Notes": null,
        "IsBingoAnimate": false
      },
      {
        "IsScoreVisible": false,
        "IsGoalVisible": false,
        "HasOnlyOneColor": false,
        "IsMarked": false,
        "Slot": "slot10",
        "SquareColors": [
          10
        ],
        "Name": "Сила атаки 10 ",
        "Row": 1,
        "Column": 4,
        "IsGoal": false,
        "Score": 0,
        "IsMarking": false,
        "IsPotentialBingo": true,
        "Notes": null,
        "IsBingoAnimate": false
      },
      {
        "IsScoreVisible": false,
        "IsGoalVisible": false,
        "HasOnlyOneColor": false,
        "IsMarked": false,
        "Slot": "slot11",
        "SquareColors": [
          10
        ],
        "Name": "Победить Генетиро (Туториал)",
        "Row": 2,
        "Column": 0,
        "IsGoal": false,
        "Score": 0,
        "IsMarking": false,
        "IsPotentialBingo": true,
        "Notes": null,
        "IsBingoAnimate": false
      },
      {
        "IsScoreVisible": false,
        "IsGoalVisible": false,
        "HasOnlyOneColor": false,
        "IsMarked": false,
        "Slot": "slot12",
        "SquareColors": [
          10
        ],
        "Name": "Использовать 10 хилок, а потом убить босса",
        "Row": 2,
        "Column": 1,
        "IsGoal": false,
        "Score": 0,
        "IsMarking": false,
        "IsPotentialBingo": true,
        "Notes": null,
        "IsBingoAnimate": false
      },
      {
        "IsScoreVisible": false,
        "IsGoalVisible": false,
        "HasOnlyOneColor": false,
        "IsMarked": false,
        "Slot": "slot13",
        "SquareColors": [
          10
        ],
        "Name": "Убить Туманного вельможу",
        "Row": 2,
        "Column": 2,
        "IsGoal": false,
        "Score": 0,
        "IsMarking": false,
        "IsPotentialBingo": true,
        "Notes": null,
        "IsBingoAnimate": false
      },
      {
        "IsScoreVisible": false,
        "IsGoalVisible": false,
        "HasOnlyOneColor": true,
        "IsMarked": true,
        "Slot": "slot14",
        "SquareColors": [
          4
        ],
        "Name": "Достигнуть 20 эмблем духа ",
        "Row": 2,
        "Column": 3,
        "IsGoal": false,
        "Score": 0,
        "IsMarking": false,
        "IsPotentialBingo": true,
        "Notes": null,
        "IsBingoAnimate": false
      },
      {
        "IsScoreVisible": false,
        "IsGoalVisible": false,
        "HasOnlyOneColor": true,
        "IsMarked": true,
        "Slot": "slot15",
        "SquareColors": [
          4
        ],
        "Name": "Потратить 25 эмблем духа за одну битву с боссом",
        "Row": 2,
        "Column": 4,
        "IsGoal": false,
        "Score": 0,
        "IsMarking": false,
        "IsPotentialBingo": true,
        "Notes": null,
        "IsBingoAnimate": false
      },
      {
        "IsScoreVisible": false,
        "IsGoalVisible": false,
        "HasOnlyOneColor": false,
        "IsMarked": false,
        "Slot": "slot16",
        "SquareColors": [
          10
        ],
        "Name": "Убить многоножку Жирафа без парирования",
        "Row": 3,
        "Column": 0,
        "IsGoal": false,
        "Score": 0,
        "IsMarking": false,
        "IsPotentialBingo": false,
        "Notes": null,
        "IsBingoAnimate": false
      },
      {
        "IsScoreVisible": false,
        "IsGoalVisible": false,
        "HasOnlyOneColor": false,
        "IsMarked": false,
        "Slot": "slot17",
        "SquareColors": [
          10
        ],
        "Name": "⁠10 леденцов Якшарику в инвентаре",
        "Row": 3,
        "Column": 1,
        "IsGoal": false,
        "Score": 0,
        "IsMarking": false,
        "IsPotentialBingo": true,
        "Notes": null,
        "IsBingoAnimate": false
      },
      {
        "IsScoreVisible": false,
        "IsGoalVisible": false,
        "HasOnlyOneColor": false,
        "IsMarked": false,
        "Slot": "slot18",
        "SquareColors": [
          10
        ],
        "Name": "Получить Свежие внутренности змеи",
        "Row": 3,
        "Column": 2,
        "IsGoal": false,
        "Score": 0,
        "IsMarking": false,
        "IsPotentialBingo": false,
        "Notes": null,
        "IsBingoAnimate": false
      },
      {
        "IsScoreVisible": false,
        "IsGoalVisible": false,
        "HasOnlyOneColor": false,
        "IsMarked": false,
        "Slot": "slot19",
        "SquareColors": [
          10
        ],
        "Name": "Убить босса без выделения камерой",
        "Row": 3,
        "Column": 3,
        "IsGoal": false,
        "Score": 0,
        "IsMarking": false,
        "IsPotentialBingo": true,
        "Notes": null,
        "IsBingoAnimate": false
      },
      {
        "IsScoreVisible": false,
        "IsGoalVisible": false,
        "HasOnlyOneColor": false,
        "IsMarked": false,
        "Slot": "slot20",
        "SquareColors": [
          10
        ],
        "Name": "Убить великую змею",
        "Row": 3,
        "Column": 4,
        "IsGoal": false,
        "Score": 0,
        "IsMarking": false,
        "IsPotentialBingo": true,
        "Notes": null,
        "IsBingoAnimate": false
      },
      {
        "IsScoreVisible": false,
        "IsGoalVisible": false,
        "HasOnlyOneColor": false,
        "IsMarked": false,
        "Slot": "slot21",
        "SquareColors": [
          10
        ],
        "Name": "Вытащить из обезьяны сороконожку 7 раз ",
        "Row": 4,
        "Column": 0,
        "IsGoal": false,
        "Score": 0,
        "IsMarking": false,
        "IsPotentialBingo": true,
        "Notes": null,
        "IsBingoAnimate": false
      },
      {
        "IsScoreVisible": false,
        "IsGoalVisible": false,
        "HasOnlyOneColor": false,
        "IsMarked": false,
        "Slot": "slot22",
        "SquareColors": [
          10
        ],
        "Name": "Убить Гебу",
        "Row": 4,
        "Column": 1,
        "IsGoal": false,
        "Score": 0,
        "IsMarking": false,
        "IsPotentialBingo": false,
        "Notes": null,
        "IsBingoAnimate": false
      },
      {
        "IsScoreVisible": false,
        "IsGoalVisible": false,
        "HasOnlyOneColor": false,
        "IsMarked": false,
        "Slot": "slot23",
        "SquareColors": [
          10
        ],
        "Name": "Убить 2 Великанов в колодках",
        "Row": 4,
        "Column": 2,
        "IsGoal": false,
        "Score": 0,
        "IsMarking": false,
        "IsPotentialBingo": false,
        "Notes": null,
        "IsBingoAnimate": false
      },
      {
        "IsScoreVisible": false,
        "IsGoalVisible": false,
        "HasOnlyOneColor": false,
        "IsMarked": false,
        "Slot": "slot24",
        "SquareColors": [
          10
        ],
        "Name": "Убить обезьян в ширме",
        "Row": 4,
        "Column": 3,
        "IsGoal": false,
        "Score": 0,
        "IsMarking": false,
        "IsPotentialBingo": true,
        "Notes": null,
        "IsBingoAnimate": false
      },
      {
        "IsScoreVisible": false,
        "IsGoalVisible": false,
        "HasOnlyOneColor": false,
        "IsMarked": false,
        "Slot": "slot25",
        "SquareColors": [
          10
        ],
        "Name": "Убить Генетиро (Замок Асина)",
        "Row": 4,
        "Column": 4,
        "IsGoal": false,
        "Score": 0,
        "IsMarking": false,
        "IsPotentialBingo": true,
        "Notes": null,
        "IsBingoAnimate": false
      }
    ]
  },
  "StartDate": "2024-12-28T19:53:17.5653844+05:00",
  "EndDate": "2024-12-28T19:54:18.5919437+05:00",
  "IsGameStarted": false,
  "IsGameEnded": true,
  "CurrentTimerTime": 0,
  "IsAutoBoardReveal": false,
  "IsCreatorMode": true,
  "IsConnectedToServer": true,
  "GameMode": 0,
  "RoomSettings": {
    "HideCard": true,
    "Variant": "Custom (Rand)",
    "LockoutMode": "Lockout",
    "Seed": 409462,
    "Game": "Custom",
    "GameId": 18,
    "VariantId": 172
  },
  "CurrentPlayer": {
    "Uuid": "tcXlCcB0T_KMCVzi106fGQ",
    "NickName": "TestPlayer",
    "Color": 4,
    "IsSpectator": false,
    "SquaresCount": 0,
    "LinesCount": 0,
    "PotentialBingos": null,
    "IsAvailable": false
  },
  "ChatMessages": [
    {
      "EventType": 0,
      "Type": 0,
      "Timestamp": "2024-12-28T19:53:18.133094+05:00",
      "Message": null,
      "Player": {
        "Uuid": "tcXlCcB0T_KMCVzi106fGQ",
        "NickName": "TestPlayer",
        "Color": 1,
        "IsSpectator": false,
        "SquaresCount": 0,
        "LinesCount": 0,
        "PotentialBingos": null,
        "IsAvailable": false
      },
      "Square": null,
      "Color": 0,
      "PlayerColor": 1,
      "Remove": false,
      "ColorName": "orange",
      "PlayerColorName": "red",
      "ChangeColorName": "",
      "IsItalic": true,
      "MessageHeader": "Player connected",
      "MessageText": "Player TestPlayer connected "
    },
    {
      "EventType": 0,
      "Type": 0,
      "Timestamp": "2024-12-28T19:53:18.133094+05:00",
      "Message": null,
      "Player": {
        "Uuid": "tcXlCcB0T_KMCVzi106fGQ",
        "NickName": "TestPlayer",
        "Color": 1,
        "IsSpectator": false,
        "SquaresCount": 0,
        "LinesCount": 0,
        "PotentialBingos": null,
        "IsAvailable": false
      },
      "Square": null,
      "Color": 0,
      "PlayerColor": 1,
      "Remove": false,
      "ColorName": "orange",
      "PlayerColorName": "red",
      "ChangeColorName": "",
      "IsItalic": true,
      "MessageHeader": "Player connected",
      "MessageText": "Player TestPlayer connected "
    },
    {
      "EventType": 0,
      "Type": 4,
      "Timestamp": "2024-12-28T19:53:18.6683681+05:00",
      "Message": null,
      "Player": {
        "Uuid": "tcXlCcB0T_KMCVzi106fGQ",
        "NickName": "TestPlayer",
        "Color": 4,
        "IsSpectator": false,
        "SquaresCount": 0,
        "LinesCount": 0,
        "PotentialBingos": null,
        "IsAvailable": false
      },
      "Square": null,
      "Color": 4,
      "PlayerColor": 1,
      "Remove": false,
      "ColorName": "purple",
      "PlayerColorName": "red",
      "ChangeColorName": "purple",
      "IsItalic": true,
      "MessageHeader": "TestPlayer",
      "MessageText": "changed color to"
    },
    {
      "EventType": 0,
      "Type": 2,
      "Timestamp": "2024-12-28T19:53:22.7060599+05:00",
      "Message": null,
      "Player": {
        "Uuid": "tcXlCcB0T_KMCVzi106fGQ",
        "NickName": "TestPlayer",
        "Color": 4,
        "IsSpectator": false,
        "SquaresCount": 0,
        "LinesCount": 0,
        "PotentialBingos": null,
        "IsAvailable": false
      },
      "Square": null,
      "Color": 0,
      "PlayerColor": 4,
      "Remove": false,
      "ColorName": "orange",
      "PlayerColorName": "purple",
      "ChangeColorName": "",
      "IsItalic": false,
      "MessageHeader": "Board revealed",
      "MessageText": "Player TestPlayer revealed the board"
    },
    {
      "EventType": 0,
      "Type": 1,
      "Timestamp": "2024-12-28T19:53:26.867099+05:00",
      "Message": "qwerqwe",
      "Player": {
        "Uuid": "tcXlCcB0T_KMCVzi106fGQ",
        "NickName": "TestPlayer",
        "Color": 4,
        "IsSpectator": false,
        "SquaresCount": 0,
        "LinesCount": 0,
        "PotentialBingos": null,
        "IsAvailable": false
      },
      "Square": null,
      "Color": 0,
      "PlayerColor": 4,
      "Remove": false,
      "ColorName": "orange",
      "PlayerColorName": "purple",
      "ChangeColorName": "",
      "IsItalic": false,
      "MessageHeader": "TestPlayer",
      "MessageText": "qwerqwe"
    },
    {
      "EventType": 0,
      "Type": 3,
      "Timestamp": "2024-12-28T19:53:29.6422319+05:00",
      "Message": null,
      "Player": {
        "Uuid": "tcXlCcB0T_KMCVzi106fGQ",
        "NickName": "TestPlayer",
        "Color": 4,
        "IsSpectator": false,
        "SquaresCount": 0,
        "LinesCount": 0,
        "PotentialBingos": null,
        "IsAvailable": false
      },
      "Square": {
        "IsScoreVisible": false,
        "IsGoalVisible": false,
        "HasOnlyOneColor": true,
        "IsMarked": true,
        "Slot": "slot9",
        "SquareColors": [
          4
        ],
        "Name": "Получить 8 чешуек карпа",
        "Row": 0,
        "Column": 0,
        "IsGoal": false,
        "Score": 0,
        "IsMarking": false,
        "IsPotentialBingo": false,
        "Notes": null,
        "IsBingoAnimate": false
      },
      "Color": 4,
      "PlayerColor": 4,
      "Remove": false,
      "ColorName": "purple",
      "PlayerColorName": "purple",
      "ChangeColorName": "",
      "IsItalic": false,
      "MessageHeader": "TestPlayer",
      "MessageText": "marked"
    },
    {
      "EventType": 0,
      "Type": 3,
      "Timestamp": "2024-12-28T19:53:33.6424059+05:00",
      "Message": null,
      "Player": {
        "Uuid": "tcXlCcB0T_KMCVzi106fGQ",
        "NickName": "TestPlayer",
        "Color": 4,
        "IsSpectator": false,
        "SquaresCount": 0,
        "LinesCount": 0,
        "PotentialBingos": null,
        "IsAvailable": false
      },
      "Square": {
        "IsScoreVisible": false,
        "IsGoalVisible": false,
        "HasOnlyOneColor": true,
        "IsMarked": true,
        "Slot": "slot15",
        "SquareColors": [
          4
        ],
        "Name": "Потратить 25 эмблем духа за одну битву с боссом",
        "Row": 0,
        "Column": 0,
        "IsGoal": false,
        "Score": 0,
        "IsMarking": false,
        "IsPotentialBingo": false,
        "Notes": null,
        "IsBingoAnimate": false
      },
      "Color": 4,
      "PlayerColor": 4,
      "Remove": false,
      "ColorName": "purple",
      "PlayerColorName": "purple",
      "ChangeColorName": "",
      "IsItalic": false,
      "MessageHeader": "TestPlayer",
      "MessageText": "marked"
    },
    {
      "EventType": 0,
      "Type": 3,
      "Timestamp": "2024-12-28T19:53:35.0503621+05:00",
      "Message": null,
      "Player": {
        "Uuid": "tcXlCcB0T_KMCVzi106fGQ",
        "NickName": "TestPlayer",
        "Color": 4,
        "IsSpectator": false,
        "SquaresCount": 0,
        "LinesCount": 0,
        "PotentialBingos": null,
        "IsAvailable": false
      },
      "Square": {
        "IsScoreVisible": false,
        "IsGoalVisible": false,
        "HasOnlyOneColor": true,
        "IsMarked": true,
        "Slot": "slot14",
        "SquareColors": [
          4
        ],
        "Name": "Достигнуть 20 эмблем духа ",
        "Row": 0,
        "Column": 0,
        "IsGoal": false,
        "Score": 0,
        "IsMarking": false,
        "IsPotentialBingo": false,
        "Notes": null,
        "IsBingoAnimate": false
      },
      "Color": 4,
      "PlayerColor": 4,
      "Remove": false,
      "ColorName": "purple",
      "PlayerColorName": "purple",
      "ChangeColorName": "",
      "IsItalic": false,
      "MessageHeader": "TestPlayer",
      "MessageText": "marked"
    },
    {
      "EventType": 0,
      "Type": 3,
      "Timestamp": "2024-12-28T19:53:56.2692749+05:00",
      "Message": null,
      "Player": {
        "Uuid": "tcXlCcB0T_KMCVzi106fGQ",
        "NickName": "TestPlayer",
        "Color": 4,
        "IsSpectator": false,
        "SquaresCount": 0,
        "LinesCount": 0,
        "PotentialBingos": null,
        "IsAvailable": false
      },
      "Square": {
        "IsScoreVisible": false,
        "IsGoalVisible": false,
        "HasOnlyOneColor": true,
        "IsMarked": true,
        "Slot": "slot10",
        "SquareColors": [
          4
        ],
        "Name": "Сила атаки 10 ",
        "Row": 0,
        "Column": 0,
        "IsGoal": false,
        "Score": 0,
        "IsMarking": false,
        "IsPotentialBingo": false,
        "Notes": null,
        "IsBingoAnimate": false
      },
      "Color": 4,
      "PlayerColor": 4,
      "Remove": false,
      "ColorName": "purple",
      "PlayerColorName": "purple",
      "ChangeColorName": "",
      "IsItalic": false,
      "MessageHeader": "TestPlayer",
      "MessageText": "marked"
    },
    {
      "EventType": 0,
      "Type": 3,
      "Timestamp": "2024-12-28T19:53:58.530014+05:00",
      "Message": null,
      "Player": {
        "Uuid": "tcXlCcB0T_KMCVzi106fGQ",
        "NickName": "TestPlayer",
        "Color": 4,
        "IsSpectator": false,
        "SquaresCount": 0,
        "LinesCount": 0,
        "PotentialBingos": null,
        "IsAvailable": false
      },
      "Square": {
        "IsScoreVisible": false,
        "IsGoalVisible": false,
        "HasOnlyOneColor": false,
        "IsMarked": false,
        "Slot": "slot10",
        "SquareColors": [
          10
        ],
        "Name": "Сила атаки 10 ",
        "Row": 0,
        "Column": 0,
        "IsGoal": false,
        "Score": 0,
        "IsMarking": false,
        "IsPotentialBingo": false,
        "Notes": null,
        "IsBingoAnimate": false
      },
      "Color": 4,
      "PlayerColor": 4,
      "Remove": true,
      "ColorName": "purple",
      "PlayerColorName": "purple",
      "ChangeColorName": "",
      "IsItalic": false,
      "MessageHeader": "TestPlayer",
      "MessageText": "cleared"
    }
  ],
  "Players": [
    {
      "Uuid": "tcXlCcB0T_KMCVzi106fGQ",
      "NickName": "TestPlayer",
      "Color": 4,
      "IsSpectator": false,
      "SquaresCount": 3,
      "LinesCount": 0,
      "PotentialBingos": "Col 4\r\nCol 5\r\nRow 2\r\nRow 3\r\nBL-RT",
      "IsAvailable": false
    }
  ],
  "IsRevealed": true,
  "PlayerCredentials": {
    "NickName": "TestPlayer",
    "Password": "qwert",
    "IsSpectator": false
  },
  "IsPractice": false
}