{
  "ActualPlayers": [
    {
      "Uuid": "nFqH8uE3S3Gnn_AathUnuQ",
      "NickName": "TestPlayer",
      "Color": 4,
      "IsSpectator": false,
      "SquaresCount": 2,
      "LinesCount": 0,
      "PotentialBingos": "Col 2\r\nCol 3\r\nRow 3\r\nRow 4\r\nTL-RB",
      "IsAvailable": false
    },
    {
      "Uuid": "2MbOA4Z2QOqpg4YaSUcSkA",
      "NickName": "TestPlayer2",
      "Color": 8,
      "IsSpectator": false,
      "SquaresCount": 1,
      "LinesCount": 0,
      "PotentialBingos": "Col 4\r\nRow 2",
      "IsAvailable": false
    }
  ],
  "Spectators": "",
  "HasSpectators": false,
  "PlayersNames": "TestPlayer, TestPlayer2",
  "TimeString": "00:00:00",
  "CsrfMiddlewareToken": "jKEMJa61sfqfg1UoF8Vj2XaCEtA93P68coqm32vaxHABNfE7d2QO2QTkEgmlJgQj",
  "BoardJSON": "",
  "ChosenColor": 4,
  "SocketTempId": "uZ90jrCcQsGO3tAkSG8uUA",
  "RoomName": "TestPlayer's Board",
  "RoomId": "HxK_zk02QwWE0sg_qES6fQ",
  "RoomSeed": null,
  "Board": {
    "Squares": [
      {
        "IsScoreVisible": false,
        "IsGoalVisible": false,
        "HasOnlyOneColor": false,
        "IsMarked": false,
        "Slot": "slot1",
        "SquareColors": [
          10
        ],
        "Name": "Использовать 10 хилок, а потом убить босса",
        "Row": 0,
        "Column": 0,
        "IsGoal": false,
        "Score": 0,
        "IsMarking": false,
        "IsPotentialBingo": false,
        "Notes": null,
        "IsBingoAnimate": false
      },
      {
        "IsScoreVisible": false,
        "IsGoalVisible": false,
        "HasOnlyOneColor": false,
        "IsMarked": false,
        "Slot": "slot2",
        "SquareColors": [
          10
        ],
        "Name": "Убить многоножку Жирафа без парирования",
        "Row": 0,
        "Column": 1,
        "IsGoal": false,
        "Score": 0,
        "IsMarking": false,
        "IsPotentialBingo": false,
        "Notes": null,
        "IsBingoAnimate": false
      },
      {
        "IsScoreVisible": false,
        "IsGoalVisible": false,
        "HasOnlyOneColor": false,
        "IsMarked": false,
        "Slot": "slot3",
        "SquareColors": [
          10
        ],
        "Name": "Убить Истинную Монахиню",
        "Row": 0,
        "Column": 2,
        "IsGoal": false,
        "Score": 0,
        "IsMarking": false,
        "IsPotentialBingo": false,
        "Notes": null,
        "IsBingoAnimate": false
      },
      {
        "IsScoreVisible": false,
        "IsGoalVisible": false,
        "HasOnlyOneColor": false,
        "IsMarked": false,
        "Slot": "slot4",
        "SquareColors": [
          10
        ],
        "Name": "Получить учение стиля протеза",
        "Row": 0,
        "Column": 3,
        "IsGoal": false,
        "Score": 0,
        "IsMarking": false,
        "IsPotentialBingo": true,
        "Notes": null,
        "IsBingoAnimate": false
      },
      {
        "IsScoreVisible": false,
        "IsGoalVisible": false,
        "HasOnlyOneColor": false,
        "IsMarked": false,
        "Slot": "slot5",
        "SquareColors": [
          10
        ],
        "Name": "Купить у обоих вельмож по одному предмету ",
        "Row": 0,
        "Column": 4,
        "IsGoal": false,
        "Score": 0,
        "IsMarking": false,
        "IsPotentialBingo": false,
        "Notes": null,
        "IsBingoAnimate": false
      },
      {
        "IsScoreVisible": false,
        "IsGoalVisible": false,
        "HasOnlyOneColor": false,
        "IsMarked": false,
        "Slot": "slot6",
        "SquareColors": [
          10
        ],
        "Name": "Убить великого карпа",
        "Row": 1,
        "Column": 0,
        "IsGoal": false,
        "Score": 0,
        "IsMarking": false,
        "IsPotentialBingo": true,
        "Notes": null,
        "IsBingoAnimate": false
      },
      {
        "IsScoreVisible": false,
        "IsGoalVisible": false,
        "HasOnlyOneColor": false,
        "IsMarked": false,
        "Slot": "slot7",
        "SquareColors": [
          10
        ],
        "Name": "Подчинить техникой кукловода 10 мобов",
        "Row": 1,
        "Column": 1,
        "IsGoal": false,
        "Score": 0,
        "IsMarking": false,
        "IsPotentialBingo": true,
        "Notes": null,
        "IsBingoAnimate": false
      },
      {
        "IsScoreVisible": false,
        "IsGoalVisible": false,
        "HasOnlyOneColor": false,
        "IsMarked": false,
        "Slot": "slot8",
        "SquareColors": [
          10
        ],
        "Name": "Получить 5 протезов",
        "Row": 1,
        "Column": 2,
        "IsGoal": false,
        "Score": 0,
        "IsMarking": false,
        "IsPotentialBingo": true,
        "Notes": null,
        "IsBingoAnimate": false
      },
      {
        "IsScoreVisible": false,
        "IsGoalVisible": false,
        "HasOnlyOneColor": true,
        "IsMarked": true,
        "Slot": "slot9",
        "SquareColors": [
          8
        ],
        "Name": "Наложить статус «горение» на любого босса",
        "Row": 1,
        "Column": 3,
        "IsGoal": false,
        "Score": 0,
        "IsMarking": false,
        "IsPotentialBingo": true,
        "Notes": null,
        "IsBingoAnimate": false
      },
      {
        "IsScoreVisible": false,
        "IsGoalVisible": false,
        "HasOnlyOneColor": false,
        "IsMarked": false,
        "Slot": "slot10",
        "SquareColors": [
          10
        ],
        "Name": "Убить Филина получив статус «Яд» 2 раза ",
        "Row": 1,
        "Column": 4,
        "IsGoal": false,
        "Score": 0,
        "IsMarking": false,
        "IsPotentialBingo": true,
        "Notes": null,
        "IsBingoAnimate": false
      },
      {
        "IsScoreVisible": false,
        "IsGoalVisible": false,
        "HasOnlyOneColor": false,
        "IsMarked": false,
        "Slot": "slot11",
        "SquareColors": [
          10
        ],
        "Name": "20 скилл поинтов на счетчике",
        "Row": 2,
        "Column": 0,
        "IsGoal": false,
        "Score": 0,
        "IsMarking": false,
        "IsPotentialBingo": false,
        "Notes": null,
        "IsBingoAnimate": false
      },
      {
        "IsScoreVisible": false,
        "IsGoalVisible": false,
        "HasOnlyOneColor": false,
        "IsMarked": false,
        "Slot": "slot12",
        "SquareColors": [
          10
        ],
        "Name": "Убить Иссина",
        "Row": 2,
        "Column": 1,
        "IsGoal": false,
        "Score": 0,
        "IsMarking": false,
        "IsPotentialBingo": false,
        "Notes": null,
        "IsBingoAnimate": false
      },
      {
        "IsScoreVisible": false,
        "IsGoalVisible": false,
        "HasOnlyOneColor": true,
        "IsMarked": true,
        "Slot": "slot13",
        "SquareColors": [
          4
        ],
        "Name": "Найти 5 семечек тыквы",
        "Row": 2,
        "Column": 2,
        "IsGoal": false,
        "Score": 0,
        "IsMarking": false,
        "IsPotentialBingo": false,
        "Notes": null,
        "IsBingoAnimate": false
      },
      {
        "IsScoreVisible": false,
        "IsGoalVisible": false,
        "HasOnlyOneColor": false,
        "IsMarked": false,
        "Slot": "slot14",
        "SquareColors": [
          10
        ],
        "Name": "Открыть Атаку тени (Стиль синоби)",
        "Row": 2,
        "Column": 3,
        "IsGoal": false,
        "Score": 0,
        "IsMarking": false,
        "IsPotentialBingo": true,
        "Notes": null,
        "IsBingoAnimate": false
      },
      {
        "IsScoreVisible": false,
        "IsGoalVisible": false,
        "HasOnlyOneColor": false,
        "IsMarked": false,
        "Slot": "slot15",
        "SquareColors": [
          10
        ],
        "Name": "5000 сэн",
        "Row": 2,
        "Column": 4,
        "IsGoal": false,
        "Score": 0,
        "IsMarking": false,
        "IsPotentialBingo": false,
        "Notes": null,
        "IsBingoAnimate": false
      },
      {
        "IsScoreVisible": false,
        "IsGoalVisible": false,
        "HasOnlyOneColor": false,
        "IsMarked": false,
        "Slot": "slot16",
        "SquareColors": [
          10
        ],
        "Name": "Убить 1 копьеносца Ассина",
        "Row": 3,
        "Column": 0,
        "IsGoal": false,
        "Score": 0,
        "IsMarking": false,
        "IsPotentialBingo": false,
        "Notes": null,
        "IsBingoAnimate": false
      },
      {
        "IsScoreVisible": false,
        "IsGoalVisible": false,
        "HasOnlyOneColor": true,
        "IsMarked": true,
        "Slot": "slot17",
        "SquareColors": [
          4
        ],
        "Name": "Сила атаки 10 ",
        "Row": 3,
        "Column": 1,
        "IsGoal": false,
        "Score": 0,
        "IsMarking": false,
        "IsPotentialBingo": false,
        "Notes": null,
        "IsBingoAnimate": false
      },
      {
        "IsScoreVisible": false,
        "IsGoalVisible": false,
        "HasOnlyOneColor": false,
        "IsMarked": false,
        "Slot": "slot18",
        "SquareColors": [
          10
        ],
        "Name": "Получить Камень чревоношения",
        "Row": 3,
        "Column": 2,
        "IsGoal": false,
        "Score": 0,
        "IsMarking": false,
        "IsPotentialBingo": false,
        "Notes": null,
        "IsBingoAnimate": false
      },
      {
        "IsScoreVisible": false,
        "IsGoalVisible": false,
        "HasOnlyOneColor": false,
        "IsMarked": false,
        "Slot": "slot19",
        "SquareColors": [
          10
        ],
        "Name": "Убить великую змею",
        "Row": 3,
        "Column": 3,
        "IsGoal": false,
        "Score": 0,
        "IsMarking": false,
        "IsPotentialBingo": true,
        "Notes": null,
        "IsBingoAnimate": false
      },
      {
        "IsScoreVisible": false,
        "IsGoalVisible": false,
        "HasOnlyOneColor": false,
        "IsMarked": false,
        "Slot": "slot20",
        "SquareColors": [
          10
        ],
        "Name": "Получить 2 Сакэ",
        "Row": 3,
        "Column": 4,
        "IsGoal": false,
        "Score": 0,
        "IsMarking": false,
        "IsPotentialBingo": false,
        "Notes": null,
        "IsBingoAnimate": false
      },
      {
        "IsScoreVisible": false,
        "IsGoalVisible": false,
        "HasOnlyOneColor": false,
        "IsMarked": false,
        "Slot": "slot21",
        "SquareColors": [
          10
        ],
        "Name": "Получить встроенный топор",
        "Row": 4,
        "Column": 0,
        "IsGoal": false,
        "Score": 0,
        "IsMarking": false,
        "IsPotentialBingo": false,
        "Notes": null,
        "IsBingoAnimate": false
      },
      {
        "IsScoreVisible": false,
        "IsGoalVisible": false,
        "HasOnlyOneColor": false,
        "IsMarked": false,
        "Slot": "slot22",
        "SquareColors": [
          10
        ],
        "Name": "Убить охотника на синоби",
        "Row": 4,
        "Column": 1,
        "IsGoal": false,
        "Score": 0,
        "IsMarking": false,
        "IsPotentialBingo": false,
        "Notes": null,
        "IsBingoAnimate": false
      },
      {
        "IsScoreVisible": false,
        "IsGoalVisible": false,
        "HasOnlyOneColor": false,
        "IsMarked": false,
        "Slot": "slot23",
        "SquareColors": [
          10
        ],
        "Name": "Найти 7 семечек тыквы",
        "Row": 4,
        "Column": 2,
        "IsGoal": false,
        "Score": 0,
        "IsMarking": false,
        "IsPotentialBingo": false,
        "Notes": null,
        "IsBingoAnimate": false
      },
      {
        "IsScoreVisible": false,
        "IsGoalVisible": false,
        "HasOnlyOneColor": false,
        "IsMarked": false,
        "Slot": "slot24",
        "SquareColors": [
          10
        ],
        "Name": "Убить Истинную Монахиню без урона",
        "Row": 4,
        "Column": 3,
        "IsGoal": false,
        "Score": 0,
        "IsMarking": false,
        "IsPotentialBingo": true,
        "Notes": null,
        "IsBingoAnimate": false
      },
      {
        "IsScoreVisible": false,
        "IsGoalVisible": false,
        "HasOnlyOneColor": false,
        "IsMarked": false,
        "Slot": "slot25",
        "SquareColors": [
          10
        ],
        "Name": "Получить 8 чешуек карпа",
        "Row": 4,
        "Column": 4,
        "IsGoal": false,
        "Score": 0,
        "IsMarking": false,
        "IsPotentialBingo": false,
        "Notes": null,
        "IsBingoAnimate": false
      }
    ]
  },
  "StartDate": "2024-12-28T20:04:12.6232416+05:00",
  "EndDate": "2024-12-28T20:06:50.157393+05:00",
  "IsGameStarted": false,
  "IsGameEnded": true,
  "CurrentTimerTime": 0,
  "IsAutoBoardReveal": false,
  "IsCreatorMode": true,
  "IsConnectedToServer": true,
  "GameMode": 1,
  "RoomSettings": {
    "HideCard": true,
    "Variant": "Custom (Rand)",
    "LockoutMode": "Non-Lockout",
    "Seed": 264035,
    "Game": "Custom",
    "GameId": 18,
    "VariantId": 172
  },
  "CurrentPlayer": {
    "Uuid": "nFqH8uE3S3Gnn_AathUnuQ",
    "NickName": "TestPlayer",
    "Color": 4,
    "IsSpectator": false,
    "SquaresCount": 0,
    "LinesCount": 0,
    "PotentialBingos": null,
    "IsAvailable": false
  },
  "ChatMessages": [
    {
      "EventType": 0,
      "Type": 0,
      "Timestamp": "2024-12-28T20:04:13.707133+05:00",
      "Message": null,
      "Player": {
        "Uuid": "nFqH8uE3S3Gnn_AathUnuQ",
        "NickName": "TestPlayer",
        "Color": 1,
        "IsSpectator": false,
        "SquaresCount": 0,
        "LinesCount": 0,
        "PotentialBingos": null,
        "IsAvailable": false
      },
      "Square": null,
      "Color": 0,
      "PlayerColor": 1,
      "Remove": false,
      "ColorName": "orange",
      "PlayerColorName": "red",
      "ChangeColorName": "",
      "IsItalic": true,
      "MessageHeader": "Player connected",
      "MessageText": "Player TestPlayer connected "
    },
    {
      "EventType": 0,
      "Type": 0,
      "Timestamp": "2024-12-28T20:04:13.707133+05:00",
      "Message": null,
      "Player": {
        "Uuid": "nFqH8uE3S3Gnn_AathUnuQ",
        "NickName": "TestPlayer",
        "Color": 1,
        "IsSpectator": false,
        "SquaresCount": 0,
        "LinesCount": 0,
        "PotentialBingos": null,
        "IsAvailable": false
      },
      "Square": null,
      "Color": 0,
      "PlayerColor": 1,
      "Remove": false,
      "ColorName": "orange",
      "PlayerColorName": "red",
      "ChangeColorName": "",
      "IsItalic": true,
      "MessageHeader": "Player connected",
      "MessageText": "Player TestPlayer connected "
    },
    {
      "EventType": 0,
      "Type": 4,
      "Timestamp": "2024-12-28T20:04:14.260698+05:00",
      "Message": null,
      "Player": {
        "Uuid": "nFqH8uE3S3Gnn_AathUnuQ",
        "NickName": "TestPlayer",
        "Color": 4,
        "IsSpectator": false,
        "SquaresCount": 0,
        "LinesCount": 0,
        "PotentialBingos": null,
        "IsAvailable": false
      },
      "Square": null,
      "Color": 4,
      "PlayerColor": 1,
      "Remove": false,
      "ColorName": "purple",
      "PlayerColorName": "red",
      "ChangeColorName": "purple",
      "IsItalic": true,
      "MessageHeader": "TestPlayer",
      "MessageText": "changed color to"
    },
    {
      "EventType": 0,
      "Type": 0,
      "Timestamp": "2024-12-28T20:06:18.2678189+05:00",
      "Message": null,
      "Player": {
        "Uuid": "2MbOA4Z2QOqpg4YaSUcSkA",
        "NickName": "TestPlayer2",
        "Color": 1,
        "IsSpectator": false,
        "SquaresCount": 0,
        "LinesCount": 0,
        "PotentialBingos": null,
        "IsAvailable": false
      },
      "Square": null,
      "Color": 0,
      "PlayerColor": 1,
      "Remove": false,
      "ColorName": "orange",
      "PlayerColorName": "red",
      "ChangeColorName": "",
      "IsItalic": true,
      "MessageHeader": "Player connected",
      "MessageText": "Player TestPlayer2 connected "
    },
    {
      "EventType": 0,
      "Type": 4,
      "Timestamp": "2024-12-28T20:06:18.8425428+05:00",
      "Message": null,
      "Player": {
        "Uuid": "2MbOA4Z2QOqpg4YaSUcSkA",
        "NickName": "TestPlayer2",
        "Color": 8,
        "IsSpectator": false,
        "SquaresCount": 0,
        "LinesCount": 0,
        "PotentialBingos": null,
        "IsAvailable": false
      },
      "Square": null,
      "Color": 8,
      "PlayerColor": 1,
      "Remove": false,
      "ColorName": "pink",
      "PlayerColorName": "red",
      "ChangeColorName": "pink",
      "IsItalic": true,
      "MessageHeader": "TestPlayer2",
      "MessageText": "changed color to"
    },
    {
      "EventType": 0,
      "Type": 2,
      "Timestamp": "2024-12-28T20:06:21.3102669+05:00",
      "Message": null,
      "Player": {
        "Uuid": "2MbOA4Z2QOqpg4YaSUcSkA",
        "NickName": "TestPlayer2",
        "Color": 8,
        "IsSpectator": false,
        "SquaresCount": 0,
        "LinesCount": 0,
        "PotentialBingos": null,
        "IsAvailable": false
      },
      "Square": null,
      "Color": 0,
      "PlayerColor": 8,
      "Remove": false,
      "ColorName": "orange",
      "PlayerColorName": "pink",
      "ChangeColorName": "",
      "IsItalic": false,
      "MessageHeader": "Board revealed",
      "MessageText": "Player TestPlayer2 revealed the board"
    },
    {
      "EventType": 0,
      "Type": 2,
      "Timestamp": "2024-12-28T20:06:23.5340199+05:00",
      "Message": null,
      "Player": {
        "Uuid": "nFqH8uE3S3Gnn_AathUnuQ",
        "NickName": "TestPlayer",
        "Color": 4,
        "IsSpectator": false,
        "SquaresCount": 0,
        "LinesCount": 0,
        "PotentialBingos": null,
        "IsAvailable": false
      },
      "Square": null,
      "Color": 0,
      "PlayerColor": 4,
      "Remove": false,
      "ColorName": "orange",
      "PlayerColorName": "purple",
      "ChangeColorName": "",
      "IsItalic": false,
      "MessageHeader": "Board revealed",
      "MessageText": "Player TestPlayer revealed the board"
    },
    {
      "EventType": 0,
      "Type": 3,
      "Timestamp": "2024-12-28T20:06:24.597614+05:00",
      "Message": null,
      "Player": {
        "Uuid": "nFqH8uE3S3Gnn_AathUnuQ",
        "NickName": "TestPlayer",
        "Color": 4,
        "IsSpectator": false,
        "SquaresCount": 0,
        "LinesCount": 0,
        "PotentialBingos": null,
        "IsAvailable": false
      },
      "Square": {
        "IsScoreVisible": false,
        "IsGoalVisible": false,
        "HasOnlyOneColor": true,
        "IsMarked": true,
        "Slot": "slot13",
        "SquareColors": [
          4
        ],
        "Name": "Найти 5 семечек тыквы",
        "Row": 0,
        "Column": 0,
        "IsGoal": false,
        "Score": 0,
        "IsMarking": false,
        "IsPotentialBingo": false,
        "Notes": null,
        "IsBingoAnimate": false
      },
      "Color": 4,
      "PlayerColor": 4,
      "Remove": false,
      "ColorName": "purple",
      "PlayerColorName": "purple",
      "ChangeColorName": "",
      "IsItalic": false,
      "MessageHeader": "TestPlayer",
      "MessageText": "marked"
    },
    {
      "EventType": 0,
      "Type": 3,
      "Timestamp": "2024-12-28T20:06:26.4579439+05:00",
      "Message": null,
      "Player": {
        "Uuid": "2MbOA4Z2QOqpg4YaSUcSkA",
        "NickName": "TestPlayer2",
        "Color": 8,
        "IsSpectator": false,
        "SquaresCount": 0,
        "LinesCount": 0,
        "PotentialBingos": null,
        "IsAvailable": false
      },
      "Square": {
        "IsScoreVisible": false,
        "IsGoalVisible": false,
        "HasOnlyOneColor": true,
        "IsMarked": true,
        "Slot": "slot9",
        "SquareColors": [
          8
        ],
        "Name": "Наложить статус «горение» на любого босса",
        "Row": 0,
        "Column": 0,
        "IsGoal": false,
        "Score": 0,
        "IsMarking": false,
        "IsPotentialBingo": false,
        "Notes": null,
        "IsBingoAnimate": false
      },
      "Color": 8,
      "PlayerColor": 8,
      "Remove": false,
      "ColorName": "pink",
      "PlayerColorName": "pink",
      "ChangeColorName": "",
      "IsItalic": false,
      "MessageHeader": "TestPlayer2",
      "MessageText": "marked"
    },
    {
      "EventType": 0,
      "Type": 3,
      "Timestamp": "2024-12-28T20:06:28.5232479+05:00",
      "Message": null,
      "Player": {
        "Uuid": "nFqH8uE3S3Gnn_AathUnuQ",
        "NickName": "TestPlayer",
        "Color": 4,
        "IsSpectator": false,
        "SquaresCount": 0,
        "LinesCount": 0,
        "PotentialBingos": null,
        "IsAvailable": false
      },
      "Square": {
        "IsScoreVisible": false,
        "IsGoalVisible": false,
        "HasOnlyOneColor": true,
        "IsMarked": true,
        "Slot": "slot17",
        "SquareColors": [
          4
        ],
        "Name": "Сила атаки 10 ",
        "Row": 0,
        "Column": 0,
        "IsGoal": false,
        "Score": 0,
        "IsMarking": false,
        "IsPotentialBingo": false,
        "Notes": null,
        "IsBingoAnimate": false
      },
      "Color": 4,
      "PlayerColor": 4,
      "Remove": false,
      "ColorName": "purple",
      "PlayerColorName": "purple",
      "ChangeColorName": "",
      "IsItalic": false,
      "MessageHeader": "TestPlayer",
      "MessageText": "marked"
    }
  ],
  "Players": [
    {
      "Uuid": "nFqH8uE3S3Gnn_AathUnuQ",
      "NickName": "TestPlayer",
      "Color": 4,
      "IsSpectator": false,
      "SquaresCount": 2,
      "LinesCount": 0,
      "PotentialBingos": "Col 2\r\nCol 3\r\nRow 3\r\nRow 4\r\nTL-RB",
      "IsAvailable": false
    },
    {
      "Uuid": "2MbOA4Z2QOqpg4YaSUcSkA",
      "NickName": "TestPlayer2",
      "Color": 8,
      "IsSpectator": false,
      "SquaresCount": 1,
      "LinesCount": 0,
      "PotentialBingos": "Col 4\r\nRow 2",
      "IsAvailable": false
    }
  ],
  "IsRevealed": true,
  "PlayerCredentials": {
    "NickName": "TestPlayer",
    "Password": "йцук",
    "IsSpectator": false
  },
  "IsPractice": false
}