[
  {
    "name": "Get Lake rune"
  },
  {
    "name": "Get the Church Pick"
  },
  {
    "name": "Kill Micolash with poison knives"
  },
  {
    "name": "Get Henryk's Hunter Set"
  },
  {
    "name": "Get the Ludwig's Holy Blade"
  },
  {
    "name": "Get the Knight's set"
  },
  {
    "name": "Kill Afflicted Beggar"
  },
  {
    "name": "Get Formless Oedon rune"
  },
  {
    "name": "Get the Church Cannon"
  },
  {
    "name": "+10 weapon"
  },
  {
    "name": "Get Blood Rapture rune"
  },
  {
    "name": "Kill a boss with gun only"
  },
  {
    "name": "Get the Beast Cutter"
  },
  {
    "name": "Don't level your character"
  },
  {
    "name": "Get the Reiterpallasch"
  },
  {
    "name": "Kill Rom"
  },
  {
    "name": "Never upgrade your weapons"
  },
  {
    "name": "Join Lumenwood Kin covenant"
  },
  {
    "name": "Get the Double-barreled Shotgun"
  },
  {
    "name": "Get the Blade of Mercy"
  },
  {
    "name": "Kill a boss with torch only"
  },
  {
    "name": "Kill 5 npc's"
  },
  {
    "name": "Kill Moon Presence"
  },
  {
    "name": "Kill Darkbeast Paarl"
  },
  {
    "name": "Get Arcane Lake rune"
  },
  {
    "name": "+10 weapon"
  },
  {
    "name": "Get Hunter rune"
  },
  {
    "name": "Get the Rosmarinus"
  },
  {
    "name": "Get the Tonitrus"
  },
  {
    "name": "Kill a boss with gun only"
  },
  {
    "name": "Get the Knight's set"
  },
  {
    "name": "Get the Cursed Tempering Damp Blood Gem"
  },
  {
    "name": "Kill Laurence"
  },
  {
    "name": "40 strength"
  },
  {
    "name": "Get Beast's Embrace rune"
  },
  {
    "name": "Never visit the Hunter's Dream"
  },
  {
    "name": "Kill a boss with backstabs only"
  },
  {
    "name": "Join Cainhurst Vilebloods covenant"
  },
  {
    "name": "Kill Amygdala"
  },
  {
    "name": "Kill Amelia hitless"
  },
  {
    "name": "Kill a boss with a Hunter's Tool only"
  },
  {
    "name": "Get the Ludwig's Rifle"
  },
  {
    "name": "Join Lumenwood Kin covenant"
  },
  {
    "name": "Get Clear Deep Sea rune"
  },
  {
    "name": "Kill Moon Presence"
  },
  {
    "name": "Kill a boss with bare fists"
  },
  {
    "name": "Get Impurity rune"
  },
  {
    "name": "Get the Doll Set"
  },
  {
    "name": "Get the Messenger's Gift"
  },
  {
    "name": "Get Arianna's Shoes"
  },
  {
    "name": "Get all One Third of Umbilical Cords"
  },
  {
    "name": "Get the Cannon"
  },
  {
    "name": "One-cycle Rom"
  },
  {
    "name": "Kill a boss with torch only"
  },
  {
    "name": "Get the Beast Cutter"
  },
  {
    "name": "Get Arianna's Shoes"
  },
  {
    "name": "Get the Ludwig's Holy Blade"
  },
  {
    "name": "Kill Laurence"
  },
  {
    "name": "Get the Cursed Tempering Damp Blood Gem"
  },
  {
    "name": "Get the Messenger's Gift"
  },
  {
    "name": "Get Blood Rapture rune"
  },
  {
    "name": "Kill Amelia hitless"
  },
  {
    "name": "Get the Tear Blood Gem"
  },
  {
    "name": "Kill a boss with bare fists"
  },
  {
    "name": "Get the Tiny Tonitrus"
  },
  {
    "name": "Get the Boom Hammer"
  },
  {
    "name": "Get the Whirligig Saw"
  },
  {
    "name": "Kill a boss with projectiles only"
  },
  {
    "name": "Get the Beasthunter Saif"
  },
  {
    "name": "Get Heir rune"
  },
  {
    "name": "Get Clear Deep Sea rune"
  },
  {
    "name": "Kill Amygdala hitless"
  },
  {
    "name": "Get the Kos Parasite"
  },
  {
    "name": "Join Lumenwood Kin covenant"
  },
  {
    "name": "Kill Micolash hitless"
  },
  {
    "name": "Get Formless Oedon rune"
  },
  {
    "name": "Get the Tomb Prospector Set"
  },
  {
    "name": "Get the Gatling Gun"
  },
  {
    "name": "Kill Micolash with poison knives"
  },
  {
    "name": "Never visit the Hunter's Dream"
  },
  {
    "name": "Kill 5 npc's"
  },
  {
    "name": "Kill a boss with projectiles only"
  },
  {
    "name": "Kill a boss with backstabs only"
  },
  {
    "name": "Get Beast's Embrace rune"
  },
  {
    "name": "Kill Amygdala"
  },
  {
    "name": "Kill a boss with a Hunter's Tool only"
  },
  {
    "name": "Get Great Deep Sea rune"
  },
  {
    "name": "Get the Beasthunter Saif"
  },
  {
    "name": "Get the Tear Blood Gem"
  },
  {
    "name": "Get the Ludwig's Rifle"
  },
  {
    "name": "Get the Chikage"
  },
  {
    "name": "Get the Stake Driver"
  },
  {
    "name": "Get the Cursed Tempering Damp Blood Gem"
  },
  {
    "name": "Kill a boss with parries only"
  },
  {
    "name": "Get Dissipating Lake rune"
  },
  {
    "name": "Kill Amygdala hitless"
  },
  {
    "name": "Kill Orphan of Kos"
  },
  {
    "name": "Get the Empty Phantasm Shell"
  },
  {
    "name": "Get the Rosmarinus"
  },
  {
    "name": "Kill Rom"
  }
]
