[
  {
    "name": "Get Great Swamp Tome"
  },
  {
    "name": "Get Ringed Knight Paired Greatswords"
  },
  {
    "name": "Kill Yhorm"
  },
  {
    "name": "Get Flame Stoneplate Ring"
  },
  {
    "name": "Get Wrath of the Gods"
  },
  {
    "name": "Get Way of the White Corona"
  },
  {
    "name": "Kill Demon Prince"
  },
  {
    "name": "Get Earth Seeker"
  },
  {
    "name": "Get Ricard's Rapier"
  },
  {
    "name": "20 Attunement"
  },
  {
    "name": "Get Blue Tearstone Ring"
  },
  {
    "name": "Kill all outrider knights"
  },
  {
    "name": "Get Millwood Battle Axe"
  },
  {
    "name": "40 Strength"
  },
  {
    "name": "Infuse an item with a Hollow Gem"
  },
  {
    "name": "Kill a boss with fists only"
  },
  {
    "name": "Upgrade Estus Flask to full"
  },
  {
    "name": "Kill Crystal Sage in Phase 1"
  },
  {
    "name": "Get Sacred Chime of Filianore"
  },
  {
    "name": "Get Old Sorcerer Set"
  },
  {
    "name": "Parry Lorian"
  },
  {
    "name": "Infuse an item with a Heavy Gem"
  },
  {
    "name": "Kill a Boss with a shield only"
  },
  {
    "name": "Kill Yhorm without storm ruler"
  },
  {
    "name": "Kill Oceiros"
  },
  {
    "name": "20 Attunement"
  },
  {
    "name": "Get Follower Sabre"
  },
  {
    "name": "Infuse an item with a Poison Gem"
  },
  {
    "name": "Kill 3 giants"
  },
  {
    "name": "Kill all outrider knights"
  },
  {
    "name": "Get Sunlight Straight Sword"
  },
  {
    "name": "Get Ringed Knight Spear"
  },
  {
    "name": "Kill Pontiff without parrying"
  },
  {
    "name": "40 Intelligence"
  },
  {
    "name": "Get Blacksmith Hammer"
  },
  {
    "name": "Upgrade a scales weapon to +5"
  },
  {
    "name": "Kill all 3 Pontiff beasts"
  },
  {
    "name": "Kill Both Deep Accurseds"
  },
  {
    "name": "Kill Halflight"
  },
  {
    "name": "Kill Gravetender"
  },
  {
    "name": "Kill a gargoyle"
  },
  {
    "name": "Get the Pyromancer's Parting Flame"
  },
  {
    "name": "Kill Crystal Sage"
  },
  {
    "name": "Get Chaos Blade"
  },
  {
    "name": "Kill a Boss with a shield only"
  },
  {
    "name": "Get Grave Warden Tome"
  },
  {
    "name": "Get Ruin Set"
  },
  {
    "name": "Infuse an item with a Blood Gem"
  },
  {
    "name": "Get Armor of Favor Set"
  },
  {
    "name": "Get Karla's Set"
  },
  {
    "name": "Get Izalith Tome"
  },
  {
    "name": "Get Quelana Tome"
  },
  {
    "name": "Upgrade a twinkling weapon to +5"
  },
  {
    "name": "Parry Lorian"
  },
  {
    "name": "Get Millwood Set"
  },
  {
    "name": "Get Armor of Favor Set"
  },
  {
    "name": "Get ring of Steel Protection"
  },
  {
    "name": "Kill Pontiff without parrying"
  },
  {
    "name": "Get Ringed Knight Spear"
  },
  {
    "name": "Infuse an item with a Chaos Gem"
  },
  {
    "name": "Get Blue Tearstone Ring"
  },
  {
    "name": "Kill Gravetender"
  },
  {
    "name": "Kill 2 giant crabs"
  },
  {
    "name": "Kill all angels in the dreg heap"
  },
  {
    "name": "Kill 3 Giant Serpent-Men"
  },
  {
    "name": "Get Quakestone Hammer"
  },
  {
    "name": "Kill Abyss Watchers"
  },
  {
    "name": "Parry Dragonslayer Armor"
  },
  {
    "name": "Get Milwood Greatbow"
  },
  {
    "name": "Get Flame Fan"
  },
  {
    "name": "Get Preacher's Right Arm"
  },
  {
    "name": "Get Chaos Blade"
  },
  {
    "name": "Kill Nameless King"
  },
  {
    "name": "Get White Birch Bow"
  },
  {
    "name": "Kill Crystal Sage"
  },
  {
    "name": "Get Drang Hammers"
  },
  {
    "name": "Kill 3 giants"
  },
  {
    "name": "Get Soul Stream"
  },
  {
    "name": "Kill Yhorm"
  },
  {
    "name": "Upgrade a scales weapon to +5"
  },
  {
    "name": "Kill Deacons of the Deep"
  },
  {
    "name": "Parry Dragonslayer Armor"
  },
  {
    "name": "Kill a gargoyle"
  },
  {
    "name": "Get Black Witch Set"
  },
  {
    "name": "Kill Halflight"
  },
  {
    "name": "Kill a boss with weapon art only"
  },
  {
    "name": "Get Earth Seeker"
  },
  {
    "name": "Get Milwood Greatbow"
  },
  {
    "name": "Kill 3 Elder Ghrus"
  },
  {
    "name": "Get Sun Princess Ring"
  },
  {
    "name": "Kill every jailer in the dungeon"
  },
  {
    "name": "Infuse an item with a Blessed Gem"
  },
  {
    "name": "Get Reversal Ring"
  },
  {
    "name": "Kill 2 giant crabs"
  },
  {
    "name": "Get Ringed Knight Spear"
  },
  {
    "name": "Kill at least 3 Wyverns"
  },
  {
    "name": "Get Deep Divine Braille Tome"
  },
  {
    "name": "Kill Midir"
  },
  {
    "name": "Kill a boss with consumables only"
  },
  {
    "name": "Get Sacred Flame"
  }
]
