[
  {
    "name": "Obtain Painting Guardian Set"
  },
  {
    "name": "Obtain Antiquated Set"
  },
  {
    "name": "Obtain Poisonbite Ring"
  },
  {
    "name": "Obtain Large Flame Ember"
  },
  {
    "name": "Defeat Four Kings"
  },
  {
    "name": "Join Darkmoon Covenant"
  },
  {
    "name": "Obtain Heavy Crossbow"
  },
  {
    "name": "Obtain Leo Ring"
  },
  {
    "name": "28 Attunement"
  },
  {
    "name": "No Master Key gift"
  },
  {
    "name": "Join Path of the Dragon"
  },
  {
    "name": "Obtain Soul of the Moonlight Butterfly"
  },
  {
    "name": "Kill All 3 Giants in Sens"
  },
  {
    "name": "Obtain Lucerne"
  },
  {
    "name": "Only heal with Humanities"
  },
  {
    "name": "Obtain Whip"
  },
  {
    "name": "Obtain Black Iron Set"
  },
  {
    "name": "Obtain Large Divine Ember"
  },
  {
    "name": "Daggers only"
  },
  {
    "name": "Kill Crestfallen Merchant"
  },
  {
    "name": "Cleric Class"
  },
  {
    "name": "Murder Siegmeyer"
  },
  {
    "name": "Kill Stray Demon"
  },
  {
    "name": "Obtain Havel's Set"
  },
  {
    "name": "Obtain 2 Souls of a Hero"
  },
  {
    "name": "Obtain 2 Souls of a Hero"
  },
  {
    "name": "Obtain Leo Ring"
  },
  {
    "name": "Rescue Logan in Sen's Fortress"
  },
  {
    "name": "Obtain Soul of Quelaag"
  },
  {
    "name": "Cleric Class"
  },
  {
    "name": "Obtain Rusted Iron Ring"
  },
  {
    "name": "Take Binoculars as gift"
  },
  {
    "name": "Obtain Large Divine Ember"
  },
  {
    "name": "Obtain Black Iron Set"
  },
  {
    "name": "Summon Iron Tarkus"
  },
  {
    "name": "Never wear Armour"
  },
  {
    "name": "Kill Lady of the Darkling"
  },
  {
    "name": "Obtain 10 Cracked Red Eye Orbs"
  },
  {
    "name": "Open Lower Burg / Depths to Firelink Gate"
  },
  {
    "name": "Obtain Dusk Crown Ring"
  },
  {
    "name": "Starting Weapons only"
  },
  {
    "name": "28 Attunement"
  },
  {
    "name": "Kill 3 Mimics"
  },
  {
    "name": "Join Chaos Covenant"
  },
  {
    "name": "Obtain 6 Eyes of Death"
  },
  {
    "name": "Kill All 3 Giants in Sens"
  },
  {
    "name": "Obtain Hornet Ring"
  },
  {
    "name": "Join Warriors of Sunlight"
  },
  {
    "name": "Obtain Great Magic Barrier"
  },
  {
    "name": "Obtain Velka's Rapier"
  },
  {
    "name": "Take Pendant as gift"
  },
  {
    "name": "Get pushed by Patches"
  },
  {
    "name": "Obtain Silver Knight Set"
  },
  {
    "name": "Kill Gwynevere"
  },
  {
    "name": "Obtain Peculiar Doll"
  },
  {
    "name": "Obtain Black Iron Set"
  },
  {
    "name": "Obtain Composite Bow"
  },
  {
    "name": "Obtain Soul of the Moonlight Butterfly"
  },
  {
    "name": "Obtain Antiquated Set"
  },
  {
    "name": "Murder Chaos Covenant Leader"
  },
  {
    "name": "36 Dexterity"
  },
  {
    "name": "Kill All 3 Giants in Sens"
  },
  {
    "name": "Only heal with Humanities"
  },
  {
    "name": "Craft a Fire Weapon"
  },
  {
    "name": "No Rings"
  },
  {
    "name": "Kill Gaping Dragon"
  },
  {
    "name": "Obtain Bloodbite Ring"
  },
  {
    "name": "Obtain Cloranthy Ring"
  },
  {
    "name": "Kill Crestfallen Merchant"
  },
  {
    "name": "Obtain Ring of the Sun's Firstborn"
  },
  {
    "name": "Summon Witch Beatrice"
  },
  {
    "name": "Obtain Painting Guardian Set"
  },
  {
    "name": "Obtain Whip"
  },
  {
    "name": "Deprived Class"
  },
  {
    "name": "36 Endurance"
  },
  {
    "name": "Obtain Dark Ember"
  },
  {
    "name": "Obtain Ricard's Rapier"
  },
  {
    "name": "Deprived Class"
  },
  {
    "name": "Kill 2 Black Knights in the Asylum"
  },
  {
    "name": "Obtain Cloranthy Ring"
  },
  {
    "name": "Rescue Laurentius"
  },
  {
    "name": "36 Faith"
  },
  {
    "name": "Kill Gwynevere"
  },
  {
    "name": "Kill Lady of the Darkling"
  },
  {
    "name": "Right hand wielding only"
  },
  {
    "name": "Murder Solaire"
  },
  {
    "name": "Obtain Fire Keeper Soul (Parish)"
  },
  {
    "name": "Obtain Server"
  },
  {
    "name": "Get pushed by Patches"
  },
  {
    "name": "Murder Priscilla"
  },
  {
    "name": "Never Light a bonfire"
  },
  {
    "name": "Never wear Armour"
  },
  {
    "name": "Rescue Griggs in Lower Burg"
  },
  {
    "name": "Daggers only"
  },
  {
    "name": "Obtain Darkmoon Seance Ring"
  },
  {
    "name": "Kill Capra Demon"
  },
  {
    "name": "Obtain Cursebite Ring"
  },
  {
    "name": "No Vitality levelling"
  },
  {
    "name": "Obtain Ring of the Sun's Firstborn"
  },
  {
    "name": "Join Chaos Covenant"
  }
]
