[
  {
    "name": "Defeat 1 Chained Ogre"
  },
  {
    "name": "Defeat 2 Snake Eyes"
  },
  {
    "name": "Obtain Mist Raven"
  },
  {
    "name": "Defeat 1 Ashina Elite"
  },
  {
    "name": "Defeat Genichiro (Tutorial)"
  },
  {
    "name": "Defeat Demon of Hatred"
  },
  {
    "name": "Obtain 3 Prosthetic Tools"
  },
  {
    "name": "5 Treasure Carp Scales"
  },
  {
    "name": "Defeat 2 Seven Spears"
  },
  {
    "name": "10 Memories"
  },
  {
    "name": "20 Sculptor's Idols"
  },
  {
    "name": "Purification Ending"
  },
  {
    "name": "Defeat 2 Bulls"
  },
  {
    "name": "10000 Sen"
  },
  {
    "name": "Defeat Lady Butterfly"
  },
  {
    "name": "Obtain Prosthetic Skill Book"
  },
  {
    "name": "Unlock Living Force (Prosthetic Combat Art)"
  },
  {
    "name": "End with no Active Dragonrot"
  },
  {
    "name": "Defeat 3 Drunkards"
  },
  {
    "name": "Defeat 2 Chained Ogres"
  },
  {
    "name": "Unlock Ashina Cross (Ashina Combat Art)"
  },
  {
    "name": "Defeat Headless Ape"
  },
  {
    "name": "Kill the Great Colored Carp"
  },
  {
    "name": "Obtain Loaded Spear"
  },
  {
    "name": "Obtain Loaded Axe"
  },
  {
    "name": "10 Memories"
  },
  {
    "name": "Defeat 1 Chained Ogre"
  },
  {
    "name": "Defeat Mist Noble"
  },
  {
    "name": "Defeat Screen Monkeys"
  },
  {
    "name": "Purification Ending"
  },
  {
    "name": "Defeat Armored Warrior"
  },
  {
    "name": "Defeat 2 Seven Spears"
  },
  {
    "name": "Obtain Dried Serpent Viscera"
  },
  {
    "name": "10 Treasure Carp Scales"
  },
  {
    "name": "20 Skill Points at Once"
  },
  {
    "name": "Unlock Living Force (Prosthetic Combat Art)"
  },
  {
    "name": "Obtain Senpou Skill Book"
  },
  {
    "name": "Defeat Sakura Bull"
  },
  {
    "name": "Obtain 3 Prosthetic Tools"
  },
  {
    "name": "Kill the Great Serpent"
  },
  {
    "name": "Obtain Prosthetic Skill Book"
  },
  {
    "name": "Defeat Demon of Hatred"
  },
  {
    "name": "Defeat 3 Generals"
  },
  {
    "name": "Defeat Shinobi Hunter"
  },
  {
    "name": "25 Prayer Beads"
  },
  {
    "name": "Obtain Loaded Umbrella"
  },
  {
    "name": "Obtain Sabimaru"
  },
  {
    "name": "Defeat 1 Ashina Elite"
  },
  {
    "name": "Defeat 2 Generals"
  },
  {
    "name": "Defeat Divine Dragon"
  },
  {
    "name": "Defeat 1 Shichimen Warrior"
  },
  {
    "name": "Defeat 2 Lone Shadows"
  },
  {
    "name": "Unlock Shadowrush (Shinobi Combat Art)"
  },
  {
    "name": "Unlock Ashina Cross (Ashina Combat Art)"
  },
  {
    "name": "Defeat 2 Bulls"
  },
  {
    "name": "15 Treasure Carp Scales"
  },
  {
    "name": "Defeat Genichiro (Tutorial)"
  },
  {
    "name": "Obtain Dried Serpent Viscera"
  },
  {
    "name": "Defeat 2 Snake Eyes"
  },
  {
    "name": "Defeat Gyoubu"
  },
  {
    "name": "20 Sculptor's Idols"
  },
  {
    "name": "Obtain 5 Prosthetic Tools"
  },
  {
    "name": "Defeat Okami Leader"
  },
  {
    "name": "Obtain Shinobi Firecracker"
  },
  {
    "name": "Defeat O'Rin"
  },
  {
    "name": "Defeat 2 Drunkards"
  },
  {
    "name": "Defeat Screen Monkeys"
  },
  {
    "name": "Purification Ending"
  },
  {
    "name": "Defeat 1 Seven Spears"
  },
  {
    "name": "7 Gourd Seeds"
  },
  {
    "name": "Defeat 2 Centipedes"
  },
  {
    "name": "20 Skill Points at Once"
  },
  {
    "name": "Obtain 7 Prosthetic Tools"
  },
  {
    "name": "Defeat Blazing Bull"
  },
  {
    "name": "End with no Active Dragonrot"
  },
  {
    "name": "5000 Sen"
  },
  {
    "name": "Defeat Sakura Bull"
  },
  {
    "name": "Defeat Blazing Bull"
  },
  {
    "name": "Obtain Mist Raven"
  },
  {
    "name": "Unlock Shadowrush (Shinobi Combat Art)"
  },
  {
    "name": "Kill the Great Colored Carp"
  },
  {
    "name": "Shura Ending"
  },
  {
    "name": "Obtain Sabimaru"
  },
  {
    "name": "15 Treasure Carp Scales"
  },
  {
    "name": "Kill the Great Serpent"
  },
  {
    "name": "Obtain Mushin Skill Book"
  },
  {
    "name": "5 Treasure Carp Scales"
  },
  {
    "name": "5 Memories"
  },
  {
    "name": "Defeat 2 Bulls"
  },
  {
    "name": "Defeat Headless Ape"
  },
  {
    "name": "Defeat 3 Generals"
  },
  {
    "name": "Obtain Shinobi Skill Book"
  },
  {
    "name": "Defeat Demon of Hatred"
  },
  {
    "name": "Defeat 2 Drunkards"
  },
  {
    "name": "5 Gourd Seeds"
  },
  {
    "name": "Defeat Isshin (Ashina or Saint)"
  },
  {
    "name": "Defeat 2 Headless"
  },
  {
    "name": "Obtain Shinobi Firecracker"
  },
  {
    "name": "25 Sculptor's Idols"
  },
  {
    "name": "Obtain 3 Prosthetic Tools"
  }
]
