[
  {
    "name": "10000 сен",
    "group": "сэны"
  },
  {
    "name": "5000 сэн",
    "group": "сэны"
  },
  {
    "name": "Найти 7 семечек тыквы",
    "group": "семечки"
  },
  {
    "name": "Найти 5 семечек тыквы",
    "group": "семечки"
  },
  {
    "name": "Получить 8 чешуек карпа",
    "group": "чешуйки"
  },
  {
    "name": "10 чешуек карпа",
    "group": "чешуйки"
  },
  {
    "name": "15 чешуек карпа",
    "group": "чешуйки"
  },
  {
    "name": "28 чешуек карпа в инвентаре",
    "group": "чешуйки"
  },
  {
    "name": "Убить 1 Великана в колодках",
    "group": "великан"
  },
  {
    "name": "Убить 2 Великанов в колодках",
    "group": "великан"
  },
  {
    "name": "Убить 4 великанов в колодках",
    "group": "великан"
  },
  {
    "name": "10 Воспоминаний",
    "group": "воспоминание"
  },
  {
    "name": "8 Воспоминаний",
    "group": "воспоминание"
  },
  {
    "name": "5 Воспоминаний",
    "group": "воспоминание"
  },
  {
    "name": "Сила атаки 10 ",
    "group": "воспоминание"
  },
  {
    "name": "Получить 5 протезов",
    "group": "протезы"
  },
  {
    "name": "Получить 7 протезов",
    "group": "протезы"
  },
  {
    "name": "Получить 10 протезов",
    "group": "протезы"
  },
  {
    "name": "Активировать 40 идолов",
    "group": "идолы"
  },
  {
    "name": "Активировать 20 идолов",
    "group": "идолы"
  },
  {
    "name": "25 бусин для четок",
    "group": "бусины"
  },
  {
    "name": "15 бусин от четок",
    "group": "бусины"
  },
  {
    "name": "⁠Собрать 3 леденца каждого вида",
    "group": "леденцы"
  },
  {
    "name": "10 леденцов каждого вида в инвентаре",
    "group": "леденцы"
  },
  {
    "name": "20 скилл поинтов на счетчике",
    "group": "скилл"
  },
  {
    "name": "27 скилл поинтов на счетчике",
    "group": "скилл"
  },
  {
    "name": "Получить Перо Ворона",
    "group": null
  },
  {
    "name": "Убить 1 элитного воина Ассина",
    "group": "элитный воин"
  },
  {
    "name": "Победить Генетиро (Туториал)",
    "group": null
  },
  {
    "name": "Убить Демона Ненавести",
    "group": null
  },
  {
    "name": "Победить 2 копьеносцев Асина",
    "group": null
  },
  {
    "name": "Убить 2 быков",
    "group": "бык"
  },
  {
    "name": "Убить Госпожу Бабочку",
    "group": null
  },
  {
    "name": "Получить учение стиля протеза",
    "group": null
  },
  {
    "name": "Открыть Сила жизни (Стиль с протезом)",
    "group": null
  },
  {
    "name": "Убить 3 пьяниц",
    "group": "пьяницы"
  },
  {
    "name": "Открыть Крест Асина (Стиль Асина)",
    "group": null
  },
  {
    "name": "Убить Безголовую обезьяну (дуо)",
    "group": null
  },
  {
    "name": "Убить великого карпа",
    "group": "карп"
  },
  {
    "name": "Получить встроенное копье",
    "group": null
  },
  {
    "name": "Получить встроенный топор",
    "group": null
  },
  {
    "name": "Убить Туманного вельможу",
    "group": null
  },
  {
    "name": "Убить обезьян в ширме",
    "group": "клинок"
  },
  {
    "name": "Победить Воина в доспехах",
    "group": null
  },
  {
    "name": "Получить сушенные внутренности змеи",
    "group": null
  },
  {
    "name": "Получить стиль храма Сэмпо",
    "group": null
  },
  {
    "name": "Убить Дворцового быка",
    "group": "бык"
  },
  {
    "name": "Убить великую змею",
    "group": null
  },
  {
    "name": "Убить 3 генералов Асина",
    "group": "генералы"
  },
  {
    "name": "Убить охотника на синоби",
    "group": null
  },
  {
    "name": "Получить протез зонта",
    "group": null
  },
  {
    "name": "Получить протез Сабимару",
    "group": null
  },
  {
    "name": "Убить Божественного дракона",
    "group": null
  },
  {
    "name": "Убить 1 Ситимэн воина",
    "group": "ситимэн"
  },
  {
    "name": "Убить 2 Воинов одинокой тени",
    "group": null
  },
  {
    "name": "Открыть Атаку тени (Стиль синоби)",
    "group": null
  },
  {
    "name": "Получить Свежие внутренности змеи",
    "group": null
  },
  {
    "name": "Убить 2 Змеинных глаз",
    "group": null
  },
  {
    "name": "Убить Гебу",
    "group": null
  },
  {
    "name": "Победить главу клана Оками",
    "group": null
  },
  {
    "name": "Получить Петарды Синоби",
    "group": null
  },
  {
    "name": "Убить О'рин",
    "group": null
  },
  {
    "name": "Убить 2 пьяниц",
    "group": "пьяницы"
  },
  {
    "name": "Убить копьеносца Ассина без микири",
    "group": null
  },
  {
    "name": "Убить 2 многоножек",
    "group": null
  },
  {
    "name": "Убить Яростного быка",
    "group": "бык"
  },
  {
    "name": "Получить стиль Мусина",
    "group": null
  },
  {
    "name": "Убить 4 белые обезьяны стража",
    "group": "обезьяна"
  },
  {
    "name": "Получить стиль Асина",
    "group": null
  },
  {
    "name": "Убить Иссина",
    "group": null
  },
  {
    "name": "Убить 2 безголовых",
    "group": null
  },
  {
    "name": "Получить Камень чревоношения",
    "group": "чревоношение"
  },
  {
    "name": "Получить Цветок Лотоса",
    "group": "обезьяна"
  },
  {
    "name": "Получить Колокольчик господина Куро",
    "group": null
  },
  {
    "name": "Получить 2 Сакэ",
    "group": "сакэ"
  },
  {
    "name": "Получить Парящую смерть",
    "group": null
  },
  {
    "name": "Убить Генетиро (Замок Асина)",
    "group": null
  },
  {
    "name": "Убить Падшую Монахиню",
    "group": "чревоношение"
  },
  {
    "name": "Убить Истинную Монахиню",
    "group": "монахиня"
  },
  {
    "name": "Убить 1 Безголового",
    "group": null
  },
  {
    "name": "Спасти торговца в замке Ассина",
    "group": null
  },
  {
    "name": "Получить клинок бессмертных",
    "group": "клинок"
  },
  {
    "name": "Убить Ханбэя Бессмертного",
    "group": null
  },
  {
    "name": "Cобрать 4 Статуэтки Дзидзо",
    "group": null
  },
  {
    "name": "⁠Убить босса только Клинком Бессмертных",
    "group": null
  },
  {
    "name": "Сделать Микири +4 раза за битву",
    "group": "микири"
  },
  {
    "name": "Наложить статус «горение» на любого босса",
    "group": null
  },
  {
    "name": "⁠Убить 20 собак",
    "group": null
  },
  {
    "name": "Собрать маску дракона",
    "group": null
  },
  {
    "name": "⁠Получить седьмые молитвенные четки",
    "group": "бусины"
  },
  {
    "name": "Убить 7 разных самураев",
    "group": null
  },
  {
    "name": "Достигнуть 20 эмблем духа ",
    "group": null
  },
  {
    "name": "Убить 3 монахов стилем Сэмпо ",
    "group": null
  },
  {
    "name": "⁠Получить долговую расписку у Анаямы ",
    "group": "анаяма"
  },
  {
    "name": "⁠3 больших кошелька в инвентаре",
    "group": null
  },
  {
    "name": "Убить Яростного Быка без урона",
    "group": "бык"
  },
  {
    "name": "Напоить Водой из Дворца Жреца Мибу",
    "group": null
  },
  {
    "name": "Получить фляжки всех цветов (4)",
    "group": null
  },
  {
    "name": "Экипировать огненный топор",
    "group": null
  },
  {
    "name": "Убить ситимэна воздушным смертельным ударом",
    "group": null
  },
  {
    "name": "Убить босса после +10 сделанных микири",
    "group": "микири"
  },
  {
    "name": "Вытащить из обезьяны сороконожку 7 раз ",
    "group": null
  },
  {
    "name": "Убить босса после 10 телепортаций пера ворона",
    "group": null
  },
  {
    "name": "Стукнуть в демон колокола 5 раз ",
    "group": null
  },
  {
    "name": "Убить Истинную Монахиню без урона",
    "group": "монахиня"
  },
  {
    "name": "Убить Филина получив статус «Яд» 2 раза ",
    "group": null
  },
  {
    "name": "Убить Филина не попав под его анти-хилл атаку",
    "group": null
  },
  {
    "name": "Подчинить техникой кукловода 10 разных мобов",
    "group": null
  },
  {
    "name": "Убить 8 разных гекконов",
    "group": null
  },
  {
    "name": "Потратить 25 эмблем духа за одну битву с боссом",
    "group": null
  },
  {
    "name": "Продать предметов на 4 500 сэн за раз ",
    "group": null
  },
  {
    "name": "Помолиться с 3 бабушками",
    "group": null
  },
  {
    "name": "⁠10 леденцов Якшарику в инвентаре",
    "group": "леденцы"
  },
  {
    "name": "У Волка ровно 1713 сэн",
    "group": null
  },
  {
    "name": "⁠10 божественных капель крови в инвентаре",
    "group": null
  },
  {
    "name": "Пнуть любого босса 10 раз ",
    "group": null
  },
  {
    "name": "Купить у обоих вельмож по одному предмету ",
    "group": null
  },
  {
    "name": "⁠Навыки «Дыхание жизни» максимального уровня (Свет, Тень)",
    "group": null
  },
  {
    "name": "Убить 5 солдат кидая деньги",
    "group": null
  },
  {
    "name": "Отпарировать 6 захватов змеиного глаза",
    "group": null
  },
  {
    "name": "Убить многоножку Жирафа без парирования",
    "group": null
  },
  {
    "name": "Убить 3 ситимэнов",
    "group": "ситимэн"
  },
  {
    "name": "Получить 3 сакэ",
    "group": "сакэ"
  },
  {
    "name": "Убить Шиноби босса без урона",
    "group": null
  },
  {
    "name": "Убить Филина Отца",
    "group": "отец"
  },
  {
    "name": "Убить 2 белые обезьяны с двумя мечами",
    "group": null
  },
  {
    "name": "Наложить статус «яд» на любого босса",
    "group": null
  },
  {
    "name": "Наложить на босса два статус эффекта",
    "group": null
  },
  {
    "name": "Подчинить босса техникой кукловода",
    "group": null
  },
  {
    "name": "Получить статуэтку Дзидзо Дзиндзы",
    "group": "анаяма"
  },
  {
    "name": "Починить босса техникой кукловода",
    "group": null
  },
  {
    "name": "⁠Поговорить с Эммой на могилах",
    "group": null
  },
  {
    "name": "Убить  Додзюна и его напарника с красными глазами",
    "group": null
  },
  {
    "name": "Стравить свистком 3 разных зверей",
    "group": null
  },
  {
    "name": "Получить шар паломничества",
    "group": null
  },
  {
    "name": "Получить Хурму Таро",
    "group": "анаяма"
  },
  {
    "name": "Получить большой белый ус",
    "group": "карп"
  },
  {
    "name": "Собрать две вертушки",
    "group": null
  },
  {
    "name": "Получить Амулет исцеления",
    "group": null
  },
  {
    "name": "Угостить 3 NPC выпивкой",
    "group": null
  },
  {
    "name": "Съесть сладкий рисовый шарик",
    "group": null
  },
  {
    "name": "Получить счетную дощечку дракона",
    "group": "монахиня"
  },
  {
    "name": "Получить Ароматный цветок",
    "group": "отец"
  },
  {
    "name": "Собрать 4 Лазурита",
    "group": null
  },
  {
    "name": "Получить третье воскрешение",
    "group": null
  },
  {
    "name": "Получить Янтарь из сосновой смолы",
    "group": null
  },
  {
    "name": "Получить призрачный кунай",
    "group": null
  },
  {
    "name": "Убить 3 дружественных NPC",
    "group": null
  },
  {
    "name": "Ударить в два колокла",
    "group": null
  },
  {
    "name": "Убить безголового в туманном лесу в тумане",
    "group": "гатиина"
  },
  {
    "name": "Подслушать 5 диалогов ",
    "group": null
  },
  {
    "name": "Пройти через 5 потайных дверей",
    "group": null
  },
  {
    "name": "Найти 4 разных напитка",
    "group": null
  },
  {
    "name": "4 гремучей ртути в инвентаре",
    "group": null
  },
  {
    "name": "15 магнетита в инвентаре",
    "group": null
  },
  {
    "name": "5 трупного жировоска в инвентаре",
    "group": null
  },
  {
    "name": "Убить одинокую тень Масанага 2 раза",
    "group": null
  },
  {
    "name": "Убить красноглазого самурая",
    "group": "элитный воин"
  },
  {
    "name": "Убить 4 одиноких тени",
    "group": null
  },
  {
    "name": "Убить одинокую тень без парирования ",
    "group": null
  },
  {
    "name": "Убить 6 разных черных призраков самураев",
    "group": null
  },
  {
    "name": "у Волка ровно 1111 сэн, 111 эмблем, 111 скилл-опыта",
    "group": null
  },
  {
    "name": "Получить все боевые стили",
    "group": null
  },
  {
    "name": "30 драже в инвентаре",
    "group": null
  },
  {
    "name": "Убить ситимэна без конфети",
    "group": null
  },
  {
    "name": "Отпарировать зонтом босса 5 раз",
    "group": null
  },
  {
    "name": "Убить двух элитных воинов Асина ",
    "group": "элитный воин"
  },
  {
    "name": "Получить кольцо мятежника",
    "group": null
  },
  {
    "name": "⁠Получить Благословение Ако",
    "group": null
  },
  {
    "name": "⁠Получить Благословение Унго",
    "group": null
  },
  {
    "name": "⁠Получить Благословение Гокана",
    "group": null
  },
  {
    "name": "⁠Получить Благословение Гатиина",
    "group": "гатиина"
  },
  {
    "name": "⁠Получить Благословение Якшарику",
    "group": null
  },
  {
    "name": "⁠Убить 6 разных генералов",
    "group": "генералы"
  },
  {
    "name": "⁠Убить 3 собак отражением молнии",
    "group": null
  },
  {
    "name": "⁠Убить 5 белых гекконов",
    "group": null
  },
  {
    "name": "Убить 5 разных монахов с нагинатами",
    "group": null
  },
  {
    "name": "20 конфетти в инвентаре",
    "group": null
  },
  {
    "name": "Отпарировать 10 красных атак разных боссов",
    "group": null
  },
  {
    "name": "Убить Красноглазого босса имея Красные глаза",
    "group": "красные глаза"
  },
  {
    "name": "Убить 2 красноглазых босса имея Красные глаза",
    "group": "красные глаза"
  },
  {
    "name": "Убить 3 красноглазых босса имея Красные глаза",
    "group": "красные глаза"
  },
  {
    "name": "Действия леденцов максимального уровня",
    "group": null
  },
  {
    "name": "Убить  противовоздушным ударом 3 монахов с нагинатой",
    "group": null
  },
  {
    "name": "Получить Ледяные слезы",
    "group": null
  },
  {
    "name": "Убить Иного Генетиро",
    "group": null
  },
  {
    "name": "Убить Иного Иссина",
    "group": null
  }
]