{
  "ActualPlayers": [
    {
      "Uuid": "eGdXpMlzReO5HzEJtP0RDg",
      "NickName": "TestPlayer",
      "Color": 4,
      "IsSpectator": false,
      "SquaresCount": 0,
      "LinesCount": 0,
      "PotentialBingos": "",
      "IsAvailable": false
    },
    {
      "Uuid": "oQfUQ2ihSlaLb-RcXOPU9g",
      "NickName": "TestPlayer2",
      "Color": 8,
      "IsSpectator": false,
      "SquaresCount": 0,
      "LinesCount": 0,
      "PotentialBingos": "",
      "IsAvailable": false
    }
  ],
  "Spectators": "",
  "HasSpectators": false,
  "PlayersNames": "TestPlayer, TestPlayer2",
  "TimeString": "00:00:00",
  "CsrfMiddlewareToken": "JJvDUmsk5x1f04GRL3xzFmOvjLI6HsngCnhdeeRtaZbBxiqAjXs4FfxdjyuinT7r",
  "BoardJSON": "[{\"name\":\"Defeat 2 Centipedes\",\"group\":null},{\"name\":\"5 Memories\",\"group\":null},{\"name\":\"Obtain 7 Prosthetic Tools\",\"group\":null},{\"name\":\"Obtain Loaded Umbrella\",\"group\":null},{\"name\":\"Defeat 3 Drunkards\",\"group\":null},{\"name\":\"Defeat 2 Bulls\",\"group\":null},{\"name\":\"Defeat 2 Bulls\",\"group\":null},{\"name\":\"Defeat 3 Generals\",\"group\":null},{\"name\":\"Defeat 2 Drunkards\",\"group\":null},{\"name\":\"Purification Ending\",\"group\":null},{\"name\":\"Obtain Shinobi Skill Book\",\"group\":null},{\"name\":\"Purification Ending\",\"group\":null},{\"name\":\"Defeat Okami Leader\",\"group\":null},{\"name\":\"Defeat 2 Chained Ogres\",\"group\":null},{\"name\":\"Obtain 3 Prosthetic Tools\",\"group\":null},{\"name\":\"Obtain Dried Serpent Viscera\",\"group\":null},{\"name\":\"7 Gourd Seeds\",\"group\":null},{\"name\":\"15 Treasure Carp Scales\",\"group\":null},{\"name\":\"10 Memories\",\"group\":null},{\"name\":\"Unlock Living Force (Prosthetic Combat Art)\",\"group\":null},{\"name\":\"20 Skill Points at Once\",\"group\":null},{\"name\":\"Unlock Ashina Cross (Ashina Combat Art)\",\"group\":null},{\"name\":\"Obtain Mist Raven\",\"group\":null},{\"name\":\"Kill the Great Serpent\",\"group\":null},{\"name\":\"Obtain Loaded Spear\",\"group\":null},{\"name\":\"Defeat 2 Generals\",\"group\":null},{\"name\":\"Obtain 3 Prosthetic Tools\",\"group\":null},{\"name\":\"Defeat 2 Drunkards\",\"group\":null},{\"name\":\"10 Memories\",\"group\":null},{\"name\":\"Defeat Demon of Hatred\",\"group\":null},{\"name\":\"Kill the Great Colored Carp\",\"group\":null},{\"name\":\"Defeat Demon of Hatred\",\"group\":null},{\"name\":\"Obtain Mushin Skill Book\",\"group\":null},{\"name\":\"Defeat Genichiro (Tutorial)\",\"group\":null},{\"name\":\"Defeat 2 Bulls\",\"group\":null},{\"name\":\"5 Treasure Carp Scales\",\"group\":null},{\"name\":\"5000 Sen\",\"group\":null},{\"name\":\"Obtain 5 Prosthetic Tools\",\"group\":null},{\"name\":\"Defeat O'Rin\",\"group\":null},{\"name\":\"Defeat Divine Dragon\",\"group\":null},{\"name\":\"Defeat 1 Ashina Elite\",\"group\":null},{\"name\":\"Defeat Headless Ape\",\"group\":null},{\"name\":\"Obtain Prosthetic Skill Book\",\"group\":null},{\"name\":\"Kill the Great Serpent\",\"group\":null},{\"name\":\"Kill the Great Colored Carp\",\"group\":null},{\"name\":\"Defeat Mist Noble\",\"group\":null},{\"name\":\"Defeat Sakura Bull\",\"group\":null},{\"name\":\"Purification Ending\",\"group\":null},{\"name\":\"Obtain Shinobi Firecracker\",\"group\":null},{\"name\":\"Defeat 1 Ashina Elite\",\"group\":null},{\"name\":\"Defeat 2 Headless\",\"group\":null},{\"name\":\"Defeat 2 Snake Eyes\",\"group\":null},{\"name\":\"Unlock Ashina Cross (Ashina Combat Art)\",\"group\":null},{\"name\":\"Defeat Genichiro (Tutorial)\",\"group\":null},{\"name\":\"Defeat Screen Monkeys\",\"group\":null},{\"name\":\"5 Treasure Carp Scales\",\"group\":null},{\"name\":\"End with no Active Dragonrot\",\"group\":null},{\"name\":\"10000 Sen\",\"group\":null},{\"name\":\"Shura Ending\",\"group\":null},{\"name\":\"25 Sculptor's Idols\",\"group\":null},{\"name\":\"Defeat Headless Ape\",\"group\":null},{\"name\":\"Defeat Gyoubu\",\"group\":null},{\"name\":\"Unlock Shadowrush (Shinobi Combat Art)\",\"group\":null},{\"name\":\"Obtain Sabimaru\",\"group\":null},{\"name\":\"Obtain Sabimaru\",\"group\":null},{\"name\":\"Obtain Senpou Skill Book\",\"group\":null},{\"name\":\"Defeat 1 Chained Ogre\",\"group\":null},{\"name\":\"End with no Active Dragonrot\",\"group\":null},{\"name\":\"Defeat Armored Warrior\",\"group\":null},{\"name\":\"Defeat 2 Lone Shadows\",\"group\":null},{\"name\":\"Defeat 2 Seven Spears\",\"group\":null},{\"name\":\"20 Sculptor's Idols\",\"group\":null},{\"name\":\"Defeat Lady Butterfly\",\"group\":null},{\"name\":\"20 Skill Points at Once\",\"group\":null},{\"name\":\"Defeat 1 Chained Ogre\",\"group\":null},{\"name\":\"Unlock Living Force (Prosthetic Combat Art)\",\"group\":null},{\"name\":\"Defeat Sakura Bull\",\"group\":null},{\"name\":\"Obtain Mist Raven\",\"group\":null},{\"name\":\"Obtain Loaded Axe\",\"group\":null},{\"name\":\"Defeat 3 Generals\",\"group\":null},{\"name\":\"Obtain Shinobi Firecracker\",\"group\":null},{\"name\":\"Unlock Shadowrush (Shinobi Combat Art)\",\"group\":null},{\"name\":\"Obtain Prosthetic Skill Book\",\"group\":null},{\"name\":\"Defeat Blazing Bull\",\"group\":null},{\"name\":\"Obtain Dried Serpent Viscera\",\"group\":null},{\"name\":\"Defeat 2 Seven Spears\",\"group\":null},{\"name\":\"Defeat 1 Seven Spears\",\"group\":null},{\"name\":\"Obtain 3 Prosthetic Tools\",\"group\":null},{\"name\":\"Defeat Isshin (Ashina or Saint)\",\"group\":null},{\"name\":\"Defeat Demon of Hatred\",\"group\":null},{\"name\":\"Defeat 2 Snake Eyes\",\"group\":null},{\"name\":\"5 Gourd Seeds\",\"group\":null},{\"name\":\"Defeat Shinobi Hunter\",\"group\":null},{\"name\":\"Defeat Screen Monkeys\",\"group\":null},{\"name\":\"15 Treasure Carp Scales\",\"group\":null},{\"name\":\"Defeat 1 Shichimen Warrior\",\"group\":null},{\"name\":\"10 Treasure Carp Scales\",\"group\":null},{\"name\":\"20 Sculptor's Idols\",\"group\":null},{\"name\":\"25 Prayer Beads\",\"group\":null},{\"name\":\"Defeat Blazing Bull\",\"group\":null}]",
  "ChosenColor": 4,
  "SocketTempId": "cxyqG4dzRIqEhct8_tfLRw",
  "RoomName": "TestPlayer's Board",
  "RoomId": "1M-TjvN7RTWtA_AnjMHKrg",
  "RoomSeed": null,
  "Board": {
    "Squares": [
      {
        "IsScoreVisible": false,
        "IsGoalVisible": false,
        "HasOnlyOneColor": false,
        "IsMarked": false,
        "Slot": "slot1",
        "SquareColors": [
          10
        ],
        "Name": "Defeat 3 Generals",
        "Row": 0,
        "Column": 0,
        "IsGoal": false,
        "Score": 0,
        "IsMarking": false,
        "IsPotentialBingo": false,
        "Notes": null,
        "IsBingoAnimate": false
      },
      {
        "IsScoreVisible": false,
        "IsGoalVisible": false,
        "HasOnlyOneColor": false,
        "IsMarked": false,
        "Slot": "slot2",
        "SquareColors": [
          10
        ],
        "Name": "Defeat 3 Drunkards",
        "Row": 0,
        "Column": 1,
        "IsGoal": false,
        "Score": 0,
        "IsMarking": false,
        "IsPotentialBingo": false,
        "Notes": null,
        "IsBingoAnimate": false
      },
      {
        "IsScoreVisible": false,
        "IsGoalVisible": false,
        "HasOnlyOneColor": false,
        "IsMarked": false,
        "Slot": "slot3",
        "SquareColors": [
          10
        ],
        "Name": "Obtain 3 Prosthetic Tools",
        "Row": 0,
        "Column": 2,
        "IsGoal": false,
        "Score": 0,
        "IsMarking": false,
        "IsPotentialBingo": false,
        "Notes": null,
        "IsBingoAnimate": false
      },
      {
        "IsScoreVisible": false,
        "IsGoalVisible": false,
        "HasOnlyOneColor": false,
        "IsMarked": false,
        "Slot": "slot4",
        "SquareColors": [
          10
        ],
        "Name": "Obtain 7 Prosthetic Tools",
        "Row": 0,
        "Column": 3,
        "IsGoal": false,
        "Score": 0,
        "IsMarking": false,
        "IsPotentialBingo": false,
        "Notes": null,
        "IsBingoAnimate": false
      },
      {
        "IsScoreVisible": false,
        "IsGoalVisible": false,
        "HasOnlyOneColor": false,
        "IsMarked": false,
        "Slot": "slot5",
        "SquareColors": [
          10
        ],
        "Name": "15 Treasure Carp Scales",
        "Row": 0,
        "Column": 4,
        "IsGoal": false,
        "Score": 0,
        "IsMarking": false,
        "IsPotentialBingo": false,
        "Notes": null,
        "IsBingoAnimate": false
      },
      {
        "IsScoreVisible": false,
        "IsGoalVisible": false,
        "HasOnlyOneColor": false,
        "IsMarked": false,
        "Slot": "slot6",
        "SquareColors": [
          10
        ],
        "Name": "Defeat 2 Chained Ogres",
        "Row": 1,
        "Column": 0,
        "IsGoal": false,
        "Score": 0,
        "IsMarking": false,
        "IsPotentialBingo": false,
        "Notes": null,
        "IsBingoAnimate": false
      },
      {
        "IsScoreVisible": false,
        "IsGoalVisible": false,
        "HasOnlyOneColor": false,
        "IsMarked": false,
        "Slot": "slot7",
        "SquareColors": [
          10
        ],
        "Name": "15 Treasure Carp Scales",
        "Row": 1,
        "Column": 1,
        "IsGoal": false,
        "Score": 0,
        "IsMarking": false,
        "IsPotentialBingo": false,
        "Notes": null,
        "IsBingoAnimate": false
      },
      {
        "IsScoreVisible": false,
        "IsGoalVisible": false,
        "HasOnlyOneColor": false,
        "IsMarked": false,
        "Slot": "slot8",
        "SquareColors": [
          10
        ],
        "Name": "Defeat Lady Butterfly",
        "Row": 1,
        "Column": 2,
        "IsGoal": false,
        "Score": 0,
        "IsMarking": false,
        "IsPotentialBingo": false,
        "Notes": null,
        "IsBingoAnimate": false
      },
      {
        "IsScoreVisible": false,
        "IsGoalVisible": false,
        "HasOnlyOneColor": false,
        "IsMarked": false,
        "Slot": "slot9",
        "SquareColors": [
          10
        ],
        "Name": "Defeat 1 Ashina Elite",
        "Row": 1,
        "Column": 3,
        "IsGoal": false,
        "Score": 0,
        "IsMarking": false,
        "IsPotentialBingo": false,
        "Notes": null,
        "IsBingoAnimate": false
      },
      {
        "IsScoreVisible": false,
        "IsGoalVisible": false,
        "HasOnlyOneColor": false,
        "IsMarked": false,
        "Slot": "slot10",
        "SquareColors": [
          10
        ],
        "Name": "7 Gourd Seeds",
        "Row": 1,
        "Column": 4,
        "IsGoal": false,
        "Score": 0,
        "IsMarking": false,
        "IsPotentialBingo": false,
        "Notes": null,
        "IsBingoAnimate": false
      },
      {
        "IsScoreVisible": false,
        "IsGoalVisible": false,
        "HasOnlyOneColor": false,
        "IsMarked": false,
        "Slot": "slot11",
        "SquareColors": [
          10
        ],
        "Name": "20 Sculptor's Idols",
        "Row": 2,
        "Column": 0,
        "IsGoal": false,
        "Score": 0,
        "IsMarking": false,
        "IsPotentialBingo": false,
        "Notes": null,
        "IsBingoAnimate": false
      },
      {
        "IsScoreVisible": false,
        "IsGoalVisible": false,
        "HasOnlyOneColor": false,
        "IsMarked": false,
        "Slot": "slot12",
        "SquareColors": [
          10
        ],
        "Name": "20 Sculptor's Idols",
        "Row": 2,
        "Column": 1,
        "IsGoal": false,
        "Score": 0,
        "IsMarking": false,
        "IsPotentialBingo": false,
        "Notes": null,
        "IsBingoAnimate": false
      },
      {
        "IsScoreVisible": false,
        "IsGoalVisible": false,
        "HasOnlyOneColor": false,
        "IsMarked": false,
        "Slot": "slot13",
        "SquareColors": [
          10
        ],
        "Name": "Obtain Loaded Umbrella",
        "Row": 2,
        "Column": 2,
        "IsGoal": false,
        "Score": 0,
        "IsMarking": false,
        "IsPotentialBingo": false,
        "Notes": null,
        "IsBingoAnimate": false
      },
      {
        "IsScoreVisible": false,
        "IsGoalVisible": false,
        "HasOnlyOneColor": false,
        "IsMarked": false,
        "Slot": "slot14",
        "SquareColors": [
          10
        ],
        "Name": "Defeat Armored Warrior",
        "Row": 2,
        "Column": 3,
        "IsGoal": false,
        "Score": 0,
        "IsMarking": false,
        "IsPotentialBingo": false,
        "Notes": null,
        "IsBingoAnimate": false
      },
      {
        "IsScoreVisible": false,
        "IsGoalVisible": false,
        "HasOnlyOneColor": false,
        "IsMarked": false,
        "Slot": "slot15",
        "SquareColors": [
          10
        ],
        "Name": "25 Sculptor's Idols",
        "Row": 2,
        "Column": 4,
        "IsGoal": false,
        "Score": 0,
        "IsMarking": false,
        "IsPotentialBingo": false,
        "Notes": null,
        "IsBingoAnimate": false
      },
      {
        "IsScoreVisible": false,
        "IsGoalVisible": false,
        "HasOnlyOneColor": false,
        "IsMarked": false,
        "Slot": "slot16",
        "SquareColors": [
          10
        ],
        "Name": "Unlock Ashina Cross (Ashina Combat Art)",
        "Row": 3,
        "Column": 0,
        "IsGoal": false,
        "Score": 0,
        "IsMarking": false,
        "IsPotentialBingo": false,
        "Notes": null,
        "IsBingoAnimate": false
      },
      {
        "IsScoreVisible": false,
        "IsGoalVisible": false,
        "HasOnlyOneColor": false,
        "IsMarked": false,
        "Slot": "slot17",
        "SquareColors": [
          10
        ],
        "Name": "Defeat 2 Bulls",
        "Row": 3,
        "Column": 1,
        "IsGoal": false,
        "Score": 0,
        "IsMarking": false,
        "IsPotentialBingo": false,
        "Notes": null,
        "IsBingoAnimate": false
      },
      {
        "IsScoreVisible": false,
        "IsGoalVisible": false,
        "HasOnlyOneColor": false,
        "IsMarked": false,
        "Slot": "slot18",
        "SquareColors": [
          10
        ],
        "Name": "Obtain Dried Serpent Viscera",
        "Row": 3,
        "Column": 2,
        "IsGoal": false,
        "Score": 0,
        "IsMarking": false,
        "IsPotentialBingo": false,
        "Notes": null,
        "IsBingoAnimate": false
      },
      {
        "IsScoreVisible": false,
        "IsGoalVisible": false,
        "HasOnlyOneColor": false,
        "IsMarked": false,
        "Slot": "slot19",
        "SquareColors": [
          10
        ],
        "Name": "5 Memories",
        "Row": 3,
        "Column": 3,
        "IsGoal": false,
        "Score": 0,
        "IsMarking": false,
        "IsPotentialBingo": false,
        "Notes": null,
        "IsBingoAnimate": false
      },
      {
        "IsScoreVisible": false,
        "IsGoalVisible": false,
        "HasOnlyOneColor": false,
        "IsMarked": false,
        "Slot": "slot20",
        "SquareColors": [
          10
        ],
        "Name": "Obtain Dried Serpent Viscera",
        "Row": 3,
        "Column": 4,
        "IsGoal": false,
        "Score": 0,
        "IsMarking": false,
        "IsPotentialBingo": false,
        "Notes": null,
        "IsBingoAnimate": false
      },
      {
        "IsScoreVisible": false,
        "IsGoalVisible": false,
        "HasOnlyOneColor": false,
        "IsMarked": false,
        "Slot": "slot21",
        "SquareColors": [
          10
        ],
        "Name": "Defeat 2 Snake Eyes",
        "Row": 4,
        "Column": 0,
        "IsGoal": false,
        "Score": 0,
        "IsMarking": false,
        "IsPotentialBingo": false,
        "Notes": null,
        "IsBingoAnimate": false
      },
      {
        "IsScoreVisible": false,
        "IsGoalVisible": false,
        "HasOnlyOneColor": false,
        "IsMarked": false,
        "Slot": "slot22",
        "SquareColors": [
          10
        ],
        "Name": "Unlock Shadowrush (Shinobi Combat Art)",
        "Row": 4,
        "Column": 1,
        "IsGoal": false,
        "Score": 0,
        "IsMarking": false,
        "IsPotentialBingo": false,
        "Notes": null,
        "IsBingoAnimate": false
      },
      {
        "IsScoreVisible": false,
        "IsGoalVisible": false,
        "HasOnlyOneColor": false,
        "IsMarked": false,
        "Slot": "slot23",
        "SquareColors": [
          10
        ],
        "Name": "Defeat Mist Noble",
        "Row": 4,
        "Column": 2,
        "IsGoal": false,
        "Score": 0,
        "IsMarking": false,
        "IsPotentialBingo": false,
        "Notes": null,
        "IsBingoAnimate": false
      },
      {
        "IsScoreVisible": false,
        "IsGoalVisible": false,
        "HasOnlyOneColor": false,
        "IsMarked": false,
        "Slot": "slot24",
        "SquareColors": [
          10
        ],
        "Name": "Defeat Okami Leader",
        "Row": 4,
        "Column": 3,
        "IsGoal": false,
        "Score": 0,
        "IsMarking": false,
        "IsPotentialBingo": false,
        "Notes": null,
        "IsBingoAnimate": false
      },
      {
        "IsScoreVisible": false,
        "IsGoalVisible": false,
        "HasOnlyOneColor": false,
        "IsMarked": false,
        "Slot": "slot25",
        "SquareColors": [
          10
        ],
        "Name": "Kill the Great Colored Carp",
        "Row": 4,
        "Column": 4,
        "IsGoal": false,
        "Score": 0,
        "IsMarking": false,
        "IsPotentialBingo": false,
        "Notes": null,
        "IsBingoAnimate": false
      }
    ]
  },
  "StartDate": "2024-12-28T20:07:05.3368847+05:00",
  "EndDate": null,
  "IsGameStarted": false,
  "IsGameEnded": false,
  "CurrentTimerTime": 0,
  "IsAutoBoardReveal": true,
  "IsCreatorMode": true,
  "IsConnectedToServer": false,
  "GameMode": 0,
  "RoomSettings": {
    "HideCard": true,
    "Variant": "Custom (Rand)",
    "LockoutMode": "Lockout",
    "Seed": 431407,
    "Game": "Custom",
    "GameId": 18,
    "VariantId": 172
  },
  "CurrentPlayer": {
    "Uuid": "eGdXpMlzReO5HzEJtP0RDg",
    "NickName": "TestPlayer",
    "Color": 4,
    "IsSpectator": false,
    "SquaresCount": 0,
    "LinesCount": 0,
    "PotentialBingos": null,
    "IsAvailable": false
  },
  "ChatMessages": [
    {
      "EventType": 0,
      "Type": 0,
      "Timestamp": "2024-12-28T20:07:06.505784+05:00",
      "Message": null,
      "Player": {
        "Uuid": "eGdXpMlzReO5HzEJtP0RDg",
        "NickName": "TestPlayer",
        "Color": 1,
        "IsSpectator": false,
        "SquaresCount": 0,
        "LinesCount": 0,
        "PotentialBingos": null,
        "IsAvailable": false
      },
      "Square": null,
      "Color": 0,
      "PlayerColor": 1,
      "Remove": false,
      "ColorName": "orange",
      "PlayerColorName": "red",
      "ChangeColorName": "",
      "IsItalic": true,
      "MessageHeader": "Player connected",
      "MessageText": "Player TestPlayer connected "
    },
    {
      "EventType": 0,
      "Type": 0,
      "Timestamp": "2024-12-28T20:07:06.505784+05:00",
      "Message": null,
      "Player": {
        "Uuid": "eGdXpMlzReO5HzEJtP0RDg",
        "NickName": "TestPlayer",
        "Color": 1,
        "IsSpectator": false,
        "SquaresCount": 0,
        "LinesCount": 0,
        "PotentialBingos": null,
        "IsAvailable": false
      },
      "Square": null,
      "Color": 0,
      "PlayerColor": 1,
      "Remove": false,
      "ColorName": "orange",
      "PlayerColorName": "red",
      "ChangeColorName": "",
      "IsItalic": true,
      "MessageHeader": "Player connected",
      "MessageText": "Player TestPlayer connected "
    },
    {
      "EventType": 0,
      "Type": 4,
      "Timestamp": "2024-12-28T20:07:07.025418+05:00",
      "Message": null,
      "Player": {
        "Uuid": "eGdXpMlzReO5HzEJtP0RDg",
        "NickName": "TestPlayer",
        "Color": 4,
        "IsSpectator": false,
        "SquaresCount": 0,
        "LinesCount": 0,
        "PotentialBingos": null,
        "IsAvailable": false
      },
      "Square": null,
      "Color": 4,
      "PlayerColor": 1,
      "Remove": false,
      "ColorName": "purple",
      "PlayerColorName": "red",
      "ChangeColorName": "purple",
      "IsItalic": true,
      "MessageHeader": "TestPlayer",
      "MessageText": "changed color to"
    },
    {
      "EventType": 0,
      "Type": 0,
      "Timestamp": "2024-12-28T20:07:20.443648+05:00",
      "Message": null,
      "Player": {
        "Uuid": "oQfUQ2ihSlaLb-RcXOPU9g",
        "NickName": "TestPlayer2",
        "Color": 1,
        "IsSpectator": false,
        "SquaresCount": 0,
        "LinesCount": 0,
        "PotentialBingos": null,
        "IsAvailable": false
      },
      "Square": null,
      "Color": 0,
      "PlayerColor": 1,
      "Remove": false,
      "ColorName": "orange",
      "PlayerColorName": "red",
      "ChangeColorName": "",
      "IsItalic": true,
      "MessageHeader": "Player connected",
      "MessageText": "Player TestPlayer2 connected "
    },
    {
      "EventType": 0,
      "Type": 4,
      "Timestamp": "2024-12-28T20:07:20.9749739+05:00",
      "Message": null,
      "Player": {
        "Uuid": "oQfUQ2ihSlaLb-RcXOPU9g",
        "NickName": "TestPlayer2",
        "Color": 8,
        "IsSpectator": false,
        "SquaresCount": 0,
        "LinesCount": 0,
        "PotentialBingos": null,
        "IsAvailable": false
      },
      "Square": null,
      "Color": 8,
      "PlayerColor": 1,
      "Remove": false,
      "ColorName": "pink",
      "PlayerColorName": "red",
      "ChangeColorName": "pink",
      "IsItalic": true,
      "MessageHeader": "TestPlayer2",
      "MessageText": "changed color to"
    },
    {
      "EventType": 0,
      "Type": 2,
      "Timestamp": "2024-12-28T20:07:38.934458+05:00",
      "Message": null,
      "Player": {
        "Uuid": "eGdXpMlzReO5HzEJtP0RDg",
        "NickName": "TestPlayer",
        "Color": 4,
        "IsSpectator": false,
        "SquaresCount": 0,
        "LinesCount": 0,
        "PotentialBingos": null,
        "IsAvailable": false
      },
      "Square": null,
      "Color": 0,
      "PlayerColor": 4,
      "Remove": false,
      "ColorName": "orange",
      "PlayerColorName": "purple",
      "ChangeColorName": "",
      "IsItalic": false,
      "MessageHeader": "Board revealed",
      "MessageText": "Player TestPlayer revealed the board"
    },
    {
      "EventType": 0,
      "Type": 2,
      "Timestamp": "2024-12-28T20:07:38.9482929+05:00",
      "Message": null,
      "Player": {
        "Uuid": "oQfUQ2ihSlaLb-RcXOPU9g",
        "NickName": "TestPlayer2",
        "Color": 8,
        "IsSpectator": false,
        "SquaresCount": 0,
        "LinesCount": 0,
        "PotentialBingos": null,
        "IsAvailable": false
      },
      "Square": null,
      "Color": 0,
      "PlayerColor": 8,
      "Remove": false,
      "ColorName": "orange",
      "PlayerColorName": "pink",
      "ChangeColorName": "",
      "IsItalic": false,
      "MessageHeader": "Board revealed",
      "MessageText": "Player TestPlayer2 revealed the board"
    }
  ],
  "Players": [
    {
      "Uuid": "eGdXpMlzReO5HzEJtP0RDg",
      "NickName": "TestPlayer",
      "Color": 4,
      "IsSpectator": false,
      "SquaresCount": 0,
      "LinesCount": 0,
      "PotentialBingos": "",
      "IsAvailable": false
    },
    {
      "Uuid": "oQfUQ2ihSlaLb-RcXOPU9g",
      "NickName": "TestPlayer2",
      "Color": 8,
      "IsSpectator": false,
      "SquaresCount": 0,
      "LinesCount": 0,
      "PotentialBingos": "",
      "IsAvailable": false
    }
  ],
  "IsRevealed": false,
  "PlayerCredentials": {
    "NickName": "TestPlayer",
    "Password": "цйукен",
    "IsSpectator": false
  },
  "IsPractice": false
}