﻿[
  {
    "Id": 1,
    "Name_RU": "Протез синоби",
    "Name_EN": "Shinobi Prosthetic",
    "ImageName": "prosthetic_tool.png",
    "ImageNameEmpty": "prosthetic_tool_no.png",
    "IsTracking": true
  },
  {
    "Id": 2,
    "Name_RU": "Колокольчик господина Куро",
    "Name_EN": "Young Lord's Bell Charm",
    "ImageName": "young_bell.png",
    "ImageNameEmpty": "young_bell_no.png",
    "IsTracking": true
  },
  {
    "Id": 3,
    "Name_RU": "Ключ от потайного храма",
    "Name_EN": "Hidden Temple Key",
    "ImageName": "hidden_temple_key.png",
    "ImageNameEmpty": "hidden_temple_key_no.png",
    "IsTracking": true
  },
  {
    "Id": 4,
    "Name_RU": "Клинок бессмертных",
    "Name_EN": "Mortal Blade",
    "ImageName": "mortal_blade.png",
    "ImageNameEmpty": "mortal_blade_no.png",
    "IsTracking": true
  },
  {
    "Id": 5,
    "Name_RU": "Ключ от святилища",
    "Name_EN": "Gun Fort Shrine Key",
    "ImageName": "gun_fort_key.png",
    "ImageNameEmpty": "gun_fort_key_no.png",
    "IsTracking": true
  },
  {
    "Id": 6,
    "Name_RU": "Цветок лотоса из Дворца",
    "Name_EN": "Lotus of the Palace",
    "ImageName": "lotus.png",
    "ImageNameEmpty": "lotus_no.png",
    "IsTracking": true
  },
  {
    "Id": 7,
    "Name_RU": "Камень чревоношения",
    "Name_EN": "Shelter Stone",
    "ImageName": "shelter_stone.png",
    "ImageNameEmpty": "shelter_stone_no.png",
    "IsTracking": true
  },
  {
    "Id": 8,
    "Name_RU": "Техника дыхания Мибу",
    "Name_EN": "Mibu Breathing Technique",
    "ImageName": "mibubreathing.png",
    "ImageNameEmpty": "mibubreathing_no.png",
    "IsTracking": true
  },
  {
    "Id": 9,
    "Name_RU": "Колокольчик отца",
    "Name_EN": "Father's Bell Charm",
    "ImageName": "fathers_bell_charm.png",
    "ImageNameEmpty": "fathers_bell_charm_no.png",
    "IsTracking": true
  },
  {
    "Id": 10,
    "Name_RU": "Ключ от тайного прохода",
    "Name_EN": "Secret Passage Key",
    "ImageName": "secret_passage_key.png",
    "ImageNameEmpty": "secret_passage_key_no.png",
    "IsTracking": true
  }
]